count,km,year,powerPS,minPrice,maxPrice,avgPrice,sdPrice
19,125000,1991,40,300,1499,648.3158,352.0352932
69,150000,1991,40,110,1600,516.4348,346.7676614
11,90000,1991,60,330,10000,2342.4545,3017.432333
26,100000,1991,60,200,8750,1392.3846,1598.662833
42,125000,1991,60,150,4600,1140.6429,1010.314138
233,150000,1991,60,110,9000,1114.4592,1220.043888
13,90000,1991,80,150,4699,1376.0769,1337.335495
15,100000,1991,80,150,3990,963.9333,973.2656004
19,125000,1991,80,150,3900,1063.0526,837.1903182
234,150000,1991,80,120,12000,1443.2906,1571.509107
11,90000,1991,100,400,4000,1598.0909,1052.717734
32,125000,1991,100,499,12300,2245.5,2362.363462
474,150000,1991,100,150,39000,2257.2954,3127.449326
12,100000,1991,120,370,9890,3580,2604.678483
30,125000,1991,120,500,9800,3285.6333,2413.485094
290,150000,1991,120,150,14900,2392.0586,2297.719774
172,150000,1991,140,300,19900,2433.9826,2575.3257
118,150000,1991,160,250,18900,2545.7966,2538.95126
80,150000,1991,180,289,26450,4364.1875,5127.950224
43,150000,1991,200,199,10000,3504.5116,2231.607673
29,150000,1991,220,800,17500,7734.6207,4506.832272
21,150000,1991,240,1299,10000,5844,3092.783228
26,150000,1991,260,850,69500,28760.6538,22338.84242
16,150000,1991,320,4500,89950,18168.5,19346.70632
18,125000,1992,40,150,4200,761.1111,888.2685335
63,150000,1992,40,120,9850,667.9524,1202.82987
13,90000,1992,60,150,1600,610.5385,463.2078144
14,100000,1992,60,300,3999,1352.7857,1126.600207
38,125000,1992,60,140,12500,1575.0526,2216.412962
192,150000,1992,60,120,15000,1053.6042,1572.373829
13,90000,1992,80,250,1950,909.9231,464.2463639
14,100000,1992,80,200,4350,1264.2857,1135.849049
39,125000,1992,80,150,5000,1518.9231,1429.382481
274,150000,1992,80,110,18000,1923.4453,2583.190917
12,80000,1992,100,550,6000,2681.5833,1602.225819
17,100000,1992,100,250,12000,4034.9412,3980.129845
39,125000,1992,100,250,10500,3278.3846,2681.228102
414,150000,1992,100,120,17000,1670.9493,1802.244782
17,125000,1992,120,500,13500,3284.4118,3516.317209
373,150000,1992,120,169,19400,2195.2895,2293.85737
15,125000,1992,140,700,13999,3683.1333,3624.457989
234,150000,1992,140,150,9200,2284.1197,1837.077292
167,150000,1992,160,150,16500,1972.1497,2010.436708
92,150000,1992,180,300,25700,4086.8696,3663.560822
95,150000,1992,200,600,14500,4094.5895,3205.299758
37,150000,1992,220,1000,56900,7817.5946,10279.62682
29,150000,1992,240,1800,31000,9366.2414,7187.570966
15,150000,1992,280,1500,49900,8328.2667,11364.18281
17,150000,1992,320,1500,30000,12829.3529,8123.216379
16,125000,1993,40,150,2000,730.9375,488.843721
88,150000,1993,40,150,1240,412.2045,193.3954474
13,90000,1993,60,250,2990,1008.9231,707.4259365
17,100000,1993,60,150,8000,2228.8235,2677.84811
43,125000,1993,60,200,5199,1053.4186,992.9478132
199,150000,1993,60,150,3999,738.9548,658.0127177
16,80000,1993,80,150,3850,1185.5625,970.308132
16,90000,1993,80,235,1990,820.3125,543.928042
18,100000,1993,80,400,7750,1204.4444,1610.366495
51,125000,1993,80,140,18290,1369.8039,2581.893127
361,150000,1993,80,110,12900,1148.9584,1367.116305
14,90000,1993,100,450,4000,1467.8571,815.3892898
15,100000,1993,100,120,9500,2464.4667,2976.034988
51,125000,1993,100,120,6499,1305.9412,1182.817414
477,150000,1993,100,125,8500,1178.9161,1205.72374
39,125000,1993,120,250,11000,3785.6154,3303.979175
410,150000,1993,120,120,9999,1639.3171,1509.689966
165,150000,1993,140,200,13500,2004.1758,1930.260871
15,125000,1993,160,750,11500,3222.6667,2809.383009
259,150000,1993,160,150,15000,2118.0695,1981.91914
79,150000,1993,180,500,15000,3170.6456,2988.632705
89,150000,1993,200,400,14500,4061.0337,3025.003287
48,150000,1993,220,1300,19800,7299.0417,4847.609295
27,150000,1993,240,1200,36000,11524.037,9728.176265
23,150000,1993,280,1200,16900,7988.6522,4150.921978
13,150000,1993,320,3100,26900,12014.6154,6087.549229
11,150000,1993,400,900,13900,7249.0909,3796.896351
33,125000,1994,40,190,1800,615.3333,367.8045155
167,150000,1994,40,119,1100,476.3713,249.1466752
18,90000,1994,60,150,6000,1147.8889,1274.154573
23,100000,1994,60,150,2000,671.1739,465.6221319
47,125000,1994,60,150,11500,892.3191,1607.375687
400,150000,1994,60,120,14999,872.235,1192.898233
18,80000,1994,80,250,3499,1378.7222,1146.517762
11,90000,1994,80,350,2500,1043.5455,617.0120617
17,100000,1994,80,250,2500,1107.2353,689.3405655
72,125000,1994,80,120,1590,774.2639,374.325764
585,150000,1994,80,120,15900,1242.0803,1518.655291
15,100000,1994,100,550,9490,1875.8667,2169.649215
28,125000,1994,100,300,3000,1409.8929,705.9457354
671,150000,1994,100,120,10600,1071.4993,929.7567633
37,125000,1994,120,299,5990,2208.8108,1366.426763
698,150000,1994,120,150,24000,1620.6991,1703.163207
13,125000,1994,140,400,14900,3518.4615,3552.333916
201,150000,1994,140,150,12950,2073.1891,2277.562735
20,125000,1994,160,900,15000,5037.35,3996.329582
346,150000,1994,160,150,11900,2034.7254,1716.920783
90,150000,1994,180,150,14999,2779.9667,2824.786944
118,150000,1994,200,290,14500,3943.0847,3108.301233
57,150000,1994,220,399,17500,4095.7018,3885.558015
18,150000,1994,240,1000,28000,10975.8333,7983.958961
38,150000,1994,280,800,69999,12831.4737,17766.9292
14,150000,1994,300,1000,49900,7233.0714,12087.99714
14,150000,1994,320,3333,31500,9612.9286,7081.126075
11,80000,1995,40,150,4000,1289.8182,1029.181565
14,90000,1995,40,200,6000,1526.9286,1506.563045
16,100000,1995,40,200,1145,585.625,311.6833078
53,125000,1995,40,150,5800,792.4528,926.0638261
337,150000,1995,40,110,30000,601.3798,1627.860132
26,5000,1995,60,200,3800,842.3462,830.0441574
12,70000,1995,60,150,1200,599.5,328.7632127
20,80000,1995,60,150,2850,884.85,607.4864011
29,90000,1995,60,150,2600,806,592.6551594
37,100000,1995,60,149,3990,842.3243,636.1417509
133,125000,1995,60,120,8900,771.812,897.3835497
887,150000,1995,60,120,10800,726.0034,801.0008698
22,5000,1995,80,150,3666,808.7273,833.3035124
18,70000,1995,80,888,2900,1586.6667,554.485347
16,80000,1995,80,250,3600,1225.25,827.539916
29,90000,1995,80,300,2200,977.7586,425.8686583
39,100000,1995,80,150,2500,811.5641,459.9167592
114,125000,1995,80,150,7900,934,844.4684823
1097,150000,1995,80,120,14750,913.5251,1053.5953
24,5000,1995,100,200,5700,866.9583,1066.210208
14,80000,1995,100,199,3000,1245.4286,751.6225985
15,90000,1995,100,250,3400,1481.3333,922.2643632
30,100000,1995,100,200,10000,1907.0333,2019.758607
106,125000,1995,100,200,5900,1368.066,1004.845743
1228,150000,1995,100,120,18000,1022.1156,1010.723364
18,5000,1995,120,200,1300,668.9444,286.4787121
17,100000,1995,120,650,7400,3035.2353,1970.119361
57,125000,1995,120,150,11650,1817.2807,1749.992549
859,150000,1995,120,120,13990,1396.3818,1384.653137
20,125000,1995,140,150,5500,1845.25,1672.374416
357,150000,1995,140,120,17500,1896.0168,2356.596892
16,125000,1995,160,777,6000,2656.4375,1520.844131
473,150000,1995,160,150,21000,2003.3277,2200.730199
207,150000,1995,180,150,15000,2231.8454,2015.578321
18,125000,1995,200,650,15900,6587.6111,3547.174465
215,150000,1995,200,350,15000,3246.5349,2511.762436
74,150000,1995,220,450,25999,3706.7703,4446.647348
30,150000,1995,240,1150,19999,8470.8,6007.040666
50,150000,1995,280,1200,83000,14926.9,21925.62147
20,150000,1995,300,1750,9500,3538.45,1817.352345
20,150000,1995,320,1199,14600,5654.8,3767.216102
11,80000,1996,40,600,1890,992.6364,436.702993
26,90000,1996,40,300,2350,934.5,398.5167934
15,100000,1996,40,349,1499,799.6667,331.6427127
51,125000,1996,40,140,1252,681.6078,268.4235809
435,150000,1996,40,111,5900,621.9425,456.7685034
27,5000,1996,60,120,1200,512.3333,305.5599596
21,60000,1996,60,150,5900,1243.6667,1222.448765
15,70000,1996,60,150,2000,983.8667,633.275071
31,80000,1996,60,200,17500,1461.9355,2975.324736
44,90000,1996,60,130,4499,886.7273,696.8957586
48,100000,1996,60,150,3900,738.5625,589.3543397
200,125000,1996,60,130,2500,762.48,410.1466562
1356,150000,1996,60,110,5444,704.6962,542.2790109
16,5000,1996,80,150,1400,518.6875,339.9001175
14,50000,1996,80,250,2900,1752.7143,701.4728819
12,60000,1996,80,400,1600,886.25,432.0065827
15,70000,1996,80,385,2800,1228.1333,601.4070021
36,80000,1996,80,250,5900,1237.2778,1025.426676
39,90000,1996,80,150,3650,978.641,774.0421869
43,100000,1996,80,333,3800,1256.0465,738.2005133
124,125000,1996,80,120,23500,1153.7742,2147.692456
1141,150000,1996,80,110,14999,943.5837,996.1304736
23,5000,1996,100,150,3499,1063.8696,882.8880132
28,90000,1996,100,249,5500,1562.3929,1078.656616
33,100000,1996,100,300,3490,1478.6364,764.869639
94,125000,1996,100,200,4900,1192.5532,861.467805
1553,150000,1996,100,110,26500,1258.4636,1422.322458
16,5000,1996,120,150,2000,999.8125,524.0946025
12,60000,1996,120,300,8000,2723.6667,2439.55605
12,70000,1996,120,1999,8699,3633,1888.503287
12,90000,1996,120,888,6000,2555.9167,1421.804924
13,100000,1996,120,300,5900,2348.2308,1833.329512
52,125000,1996,120,200,6990,2049.8077,1910.772015
1276,150000,1996,120,120,16800,1480.7006,1427.356572
40,125000,1996,140,500,20000,2579.95,3194.047682
432,150000,1996,140,140,25000,1829.088,2247.50909
22,125000,1996,160,550,5100,2158.5909,1175.352777
643,150000,1996,160,190,16900,1896.3577,1666.686131
282,150000,1996,180,150,6000,1782.7518,1085.437315
11,125000,1996,200,799,14900,5149.7273,3650.971255
254,150000,1996,200,450,16999,2978.248,2258.1715
64,150000,1996,220,250,22800,3762.7188,4254.602385
62,150000,1996,240,650,26600,5717.4516,5089.104604
64,150000,1996,280,400,79950,7363.4063,14516.15017
22,150000,1996,300,900,53500,5426.8182,10689.22413
19,150000,1996,320,2500,16999,8644.1053,4109.667945
16,90000,1997,40,250,6500,1130.75,1434.553132
20,100000,1997,40,150,1250,722.4,348.3867678
56,125000,1997,40,150,4900,710.5714,642.6787371
342,150000,1997,40,110,1490,558.8187,289.1168179
22,5000,1997,60,150,950,501.6818,221.3122817
11,50000,1997,60,200,2300,1061.8182,571.375027
32,70000,1997,60,150,7777,1425.8125,1476.186058
62,80000,1997,60,199,6799,1148.1774,952.2380348
60,90000,1997,60,120,2650,835.0667,525.1826307
99,100000,1997,60,150,3000,844.7677,478.4722072
290,125000,1997,60,108,12500,878.4862,1000.130982
1927,150000,1997,60,110,18000,675.7177,600.9544201
26,5000,1997,80,120,2880,795.2692,695.6712618
21,60000,1997,80,150,3600,1474.2381,923.3702196
24,70000,1997,80,240,6500,1331.6667,1188.23846
19,80000,1997,80,350,3900,1328.7895,804.0605881
36,90000,1997,80,200,2300,1037.1667,467.9525439
62,100000,1997,80,199,2200,1008.8548,548.753157
173,125000,1997,80,120,3680,935.5202,614.044571
1407,150000,1997,80,125,14850,846.4847,820.9435907
32,5000,1997,100,170,3950,987,707.441252
18,80000,1997,100,250,3666,1165.3333,794.8732953
36,90000,1997,100,200,4900,1356.5556,910.6329741
56,100000,1997,100,220,8500,1776.25,1912.837704
139,125000,1997,100,200,8900,1465.4173,1088.690296
2262,150000,1997,100,110,84911,1236.5004,2108.482206
22,5000,1997,120,300,3900,1372.5455,823.689633
20,90000,1997,120,400,9900,2096.5,2226.580237
32,100000,1997,120,150,7450,1988.75,1681.167563
85,125000,1997,120,150,6950,2079.0353,1587.579448
1730,150000,1997,120,120,13980,1384.2636,1150.13699
13,100000,1997,140,500,6799,2355.2308,1596.533415
46,125000,1997,140,150,22900,3660.7609,4672.410765
685,150000,1997,140,105,18900,1686.0496,1861.51211
22,125000,1997,160,200,27500,4922.1364,5451.651812
862,150000,1997,160,200,16500,1792.5789,1314.264987
412,150000,1997,180,200,23000,2192.0558,2274.023092
30,125000,1997,200,700,16999,5854.8333,3192.863439
437,150000,1997,200,199,14500,2951.2403,2238.759128
65,150000,1997,220,399,31500,3364.2308,4817.497438
74,150000,1997,240,200,31000,4549.3243,4584.857975
20,150000,1997,260,1800,13500,6677,3114.570757
68,150000,1997,280,550,64900,7162.9265,13743.6771
14,150000,1997,300,800,8400,3099.7857,1877.601098
13,150000,1997,320,1500,13800,7761.3846,4505.738368
18,100000,1998,40,149,1500,857.5,336.434945
32,125000,1998,40,180,1650,691.7813,285.3962962
180,150000,1998,40,125,1600,588.9,340.3716123
29,5000,1998,60,175,2250,712.1379,417.9323262
22,50000,1998,60,150,5350,1339.4545,1065.004
31,60000,1998,60,120,9950,1400.2903,1644.266955
36,70000,1998,60,375,7777,1711.1389,1619.980438
78,80000,1998,60,120,4999,1068.1282,891.5515338
85,90000,1998,60,150,15900,1686.7529,3151.001943
120,100000,1998,60,120,11900,1058.2917,1178.609756
366,125000,1998,60,120,8900,885.6448,682.5724362
2029,150000,1998,60,110,13000,795.8226,642.7994574
31,5000,1998,80,200,2500,911.871,505.9395439
18,20000,1998,80,450,4750,1308.2222,1040.338757
17,60000,1998,80,500,3500,1958.0588,1044.047524
21,70000,1998,80,120,2990,1262.2381,655.669698
30,80000,1998,80,150,5000,1611,1129.718254
46,90000,1998,80,450,5990,1709.4565,1052.287791
77,100000,1998,80,500,11500,1501.0779,1365.577969
203,125000,1998,80,200,15699,1316.0099,1206.576376
1992,150000,1998,80,115,8500,1104.5868,664.8866652
29,5000,1998,100,180,3650,1238.7931,741.6236326
20,70000,1998,100,200,6500,2500.15,1344.724257
25,80000,1998,100,200,3975,1987.84,1108.041865
39,90000,1998,100,111,7777,1620.3846,1589.603621
66,100000,1998,100,169,4950,1620.6364,1066.688683
192,125000,1998,100,180,8500,1674.8906,1061.857342
2857,150000,1998,100,111,16000,1428.1407,1297.989084
21,5000,1998,120,130,9500,1712.7619,1931.223173
27,80000,1998,120,300,7200,2971.7407,1869.07029
29,90000,1998,120,500,17700,4082.1034,4687.531549
29,100000,1998,120,300,8900,2308.5172,1657.938055
105,125000,1998,120,150,19900,2424.2571,2396.956964
2055,150000,1998,120,120,19500,1564.7363,1360.565943
13,90000,1998,140,700,7530,2538.3077,1724.040977
19,100000,1998,140,300,6800,3529.9474,1929.991286
65,125000,1998,140,400,27500,3238.1077,3526.599422
886,150000,1998,140,150,15000,1622.0305,1458.097092
32,125000,1998,160,800,7555,3133.0625,1519.228565
1093,150000,1998,160,150,8700,1997.0146,1167.767173
21,125000,1998,180,950,6990,3239.4286,2066.518295
594,150000,1998,180,175,22900,2166.5673,1940.254097
28,125000,1998,200,1800,20700,8127.25,5043.893413
589,150000,1998,200,150,11900,2848.7216,1976.327521
163,150000,1998,220,500,17800,3060.4294,2232.970642
74,150000,1998,240,700,15000,4506.9595,2637.181724
42,150000,1998,260,1300,13000,5057.8095,2234.914777
78,150000,1998,280,500,14999,4918.7564,3033.601347
26,150000,1998,300,400,26000,9180.1154,7921.72142
13,150000,1998,320,2500,33000,10338.1538,8235.948788
17,100000,1999,40,500,1750,1121.5882,323.7264747
37,125000,1999,40,150,2000,879.4865,512.7855893
184,150000,1999,40,120,2200,738.1196,417.5359225
33,5000,1999,60,149,1450,670.7273,417.8454312
18,20000,1999,60,250,1999,911.8333,535.4607829
11,30000,1999,60,300,3200,1427.8182,1020.161914
12,40000,1999,60,500,2990,1940.75,734.1647323
18,50000,1999,60,250,4950,1713.7222,1079.138381
37,60000,1999,60,450,15500,1780.0541,2427.214552
59,70000,1999,60,350,2950,1140.9153,587.1861452
72,80000,1999,60,150,2350,1146.1528,483.6369925
125,90000,1999,60,130,5899,1273.36,856.3233539
140,100000,1999,60,149,2500,1076.1571,515.8042302
543,125000,1999,60,135,6500,975.3481,565.39182
2999,150000,1999,60,101,6500,856.6822,478.0925464
24,5000,1999,80,200,1600,1004.7917,361.054818
11,20000,1999,80,500,1599,844.1818,297.8760628
12,60000,1999,80,500,2990,1727.0833,750.2390128
26,70000,1999,80,250,3600,1589.5385,954.5126921
48,80000,1999,80,300,3690,1876,825.9468556
48,90000,1999,80,350,3500,1717.9583,753.6486239
74,100000,1999,80,200,3500,1614.6216,641.144747
268,125000,1999,80,200,11500,1400.4851,892.9910726
2438,150000,1999,80,110,15000,1213.3962,850.1451927
35,5000,1999,100,200,5699,1339.6,989.8291397
12,60000,1999,100,990,5200,2623.1667,1239.245794
13,70000,1999,100,499,3999,1860.5385,990.2703295
30,80000,1999,100,500,4500,1873.4,857.4412166
29,90000,1999,100,350,4450,2037.8621,1181.70872
56,100000,1999,100,325,5599,2020.1607,1197.049196
240,125000,1999,100,180,10999,1834.3542,1305.825593
3623,150000,1999,100,125,19200,1526.7215,1364.964812
31,5000,1999,120,250,2777,1447.5806,688.0863962
17,70000,1999,120,333,9000,3350.4706,1947.189381
16,80000,1999,120,950,9499,4117.625,1964.852694
32,90000,1999,120,700,8350,3456.6875,2048.973637
59,100000,1999,120,300,8850,2817.8814,1468.963316
167,125000,1999,120,250,14980,2364.8683,1722.157262
2829,150000,1999,120,125,21500,1658.3316,1254.220093
25,100000,1999,140,380,8500,3620.32,2218.227936
61,125000,1999,140,650,8900,2892.9672,1921.222467
1026,150000,1999,140,110,7888,1688.9308,1241.198898
17,5000,1999,160,500,6500,2017.5294,1259.780052
40,125000,1999,160,555,6950,3258.9,1476.661739
1340,150000,1999,160,150,15000,2389.344,1807.200923
11,5000,1999,180,400,7500,2495.2727,2038.779853
37,125000,1999,180,1150,8200,4539.8378,1962.884564
753,150000,1999,180,150,24900,2569.8074,1734.79515
16,100000,1999,200,2500,13900,6340.5625,3640.28481
46,125000,1999,200,500,15500,6556.6522,3125.043306
654,150000,1999,200,230,68530,3400.7294,3394.309274
16,125000,1999,220,3349,13500,7833.5625,3028.756757
267,150000,1999,220,325,17900,4256.3745,2740.230813
80,150000,1999,240,600,12500,3083.9375,1739.293588
43,150000,1999,260,550,19999,5460.1395,3485.93119
108,150000,1999,280,555,12900,4004.3426,2286.221641
93,150000,1999,300,1500,44500,7851.6882,6893.751072
21,150000,1999,320,1800,24900,6074.3333,5133.008756
12,150000,1999,340,2800,18900,7653.5833,4223.999713
17,100000,2000,40,140,2000,1125.8235,666.8920219
39,125000,2000,40,150,3000,1256.9744,615.0738328
151,150000,2000,40,150,2599,923.6887,589.6734778
32,5000,2000,60,150,3495,840.3438,630.8121555
27,20000,2000,60,150,3999,1046.4444,942.6158376
14,30000,2000,60,300,2300,1146.2857,578.6257646
12,40000,2000,60,250,13950,3970,4982.007627
28,50000,2000,60,200,3900,1583.9286,749.0164946
41,60000,2000,60,250,13800,2437.1463,2953.245148
54,70000,2000,60,180,3100,1406.5556,757.5721129
109,80000,2000,60,120,4500,1386.6514,755.360141
105,90000,2000,60,115,11350,1345.9048,1155.199101
183,100000,2000,60,120,3500,1276.7978,668.8979335
663,125000,2000,60,125,7990,1183.7134,678.2070582
2759,150000,2000,60,120,7750,966.208,557.2072672
25,5000,2000,80,120,2200,906.72,642.0458875
11,20000,2000,80,550,2500,1251.2727,626.1649639
12,60000,2000,80,799,3100,2064.9167,697.915403
33,70000,2000,80,200,5000,2227.6667,1191.146218
32,80000,2000,80,350,4399,1934,962.4126584
61,90000,2000,80,200,5800,1754.4918,972.9244848
61,100000,2000,80,199,4999,1750.1311,1033.84245
249,125000,2000,80,180,6200,1599.9277,836.8434541
2005,150000,2000,80,120,6900,1292.1217,808.4988535
42,5000,2000,100,111,3800,1252.1667,912.855382
12,20000,2000,100,520,6500,1926.5,1532.279756
11,50000,2000,100,200,3890,2658.1818,1116.177065
14,60000,2000,100,600,3950,2817.8571,927.7559606
23,70000,2000,100,1000,4490,2803.7826,1086.033347
17,80000,2000,100,550,6990,2775.7647,1518.600692
41,90000,2000,100,250,5999,2409.1951,1208.937837
46,100000,2000,100,150,6000,1892.3261,1110.511771
212,125000,2000,100,150,8250,2031.783,1157.910464
3228,150000,2000,100,140,17750,1683.5561,1396.398321
31,5000,2000,120,150,3800,1927.0323,1109.105262
16,20000,2000,120,500,4500,2034.375,1101.946963
21,70000,2000,120,600,10900,4128.8095,2618.360767
19,80000,2000,120,800,7500,3523.4211,1670.803189
32,90000,2000,120,200,7900,2767.2188,1671.168392
35,100000,2000,120,500,8450,2942.8,1818.582553
161,125000,2000,120,250,10000,2693.8944,1653.705339
2429,150000,2000,120,120,17000,1934.7629,1339.521268
16,5000,2000,140,150,2800,1446.75,768.9393263
13,80000,2000,140,1200,6999,4186.8462,1979.468687
13,90000,2000,140,500,7300,3163.8462,2091.644691
25,100000,2000,140,499,7400,3213.08,1892.976765
87,125000,2000,140,450,8300,2633.931,1796.294544
1221,150000,2000,140,130,10999,1865.2867,1217.685571
25,5000,2000,160,150,6500,1760.64,1444.575145
14,90000,2000,160,1685,9500,6116.7143,1940.504626
12,100000,2000,160,500,16900,7932.4167,5296.998292
76,125000,2000,160,350,9000,4189.9342,2031.64713
1279,150000,2000,160,150,16500,2767.5262,2138.905973
36,125000,2000,180,500,12000,4847.75,2605.461138
908,150000,2000,180,220,15900,3102.7423,1840.745243
25,125000,2000,200,400,11800,4889.56,2876.120138
647,150000,2000,200,150,19000,3565.5209,2047.768883
13,100000,2000,220,3500,13900,7691.3846,2966.945296
26,125000,2000,220,4300,13500,8277.1154,2622.527324
248,150000,2000,220,200,33250,5059.254,3985.522107
171,150000,2000,240,400,18500,4464.8889,2583.386266
56,150000,2000,260,1300,15450,5537.2679,2894.406209
118,150000,2000,280,444,12850,5648.161,3013.497295
93,150000,2000,300,200,30000,8102.3441,6468.262183
21,150000,2000,320,2200,16000,5954.1905,3499.568227
27,150000,2000,340,2500,21911,8095.7407,4393.389973
27,150000,2000,360,4500,53000,9913.1852,9074.288394
11,150000,2000,400,3000,19500,11531.4545,5084.035805
44,125000,2001,40,450,2500,1371.1136,495.0159876
176,150000,2001,40,150,3400,1298.6989,652.3309736
30,5000,2001,60,150,5200,1232.4333,985.3775819
18,50000,2001,60,299,2999,1733.8889,725.8312391
33,60000,2001,60,500,4499,1985.2424,916.6427555
63,70000,2001,60,250,7890,2100.8571,1148.453548
75,80000,2001,60,130,4400,1473.9333,828.9770135
109,90000,2001,60,275,3950,1542.0917,674.563298
149,100000,2001,60,200,3600,1399.4094,708.2448105
521,125000,2001,60,150,5490,1365.023,667.7365148
2394,150000,2001,60,111,8800,1158.6366,625.9675504
18,5000,2001,80,299,3499,1441.3333,929.8432962
14,30000,2001,80,500,5680,2717.7143,1318.719857
12,50000,2001,80,1050,4900,2732.8333,1102.431769
34,70000,2001,80,750,4250,2265.1471,802.2450899
46,80000,2001,80,200,3950,2141.3478,955.9158644
64,90000,2001,80,199,4990,2379.5,880.4886605
101,100000,2001,80,250,5990,1934.6931,909.2732245
314,125000,2001,80,150,5900,1838.3312,880.4420096
1911,150000,2001,80,150,17500,1517.5285,963.3722696
15,5000,2001,100,300,10999,2103.8,2567.278538
11,30000,2001,100,650,5100,2186.3636,1574.381684
14,60000,2001,100,1650,4700,3352.8571,1081.780467
26,70000,2001,100,1000,6200,3272.6538,1252.217385
36,80000,2001,100,900,6250,2928.75,1465.386266
35,90000,2001,100,750,4799,2481.4286,956.2444184
81,100000,2001,100,800,9900,2814.5309,1826.669404
263,125000,2001,100,250,7000,2182.4144,1020.855873
2369,150000,2001,100,150,23800,1997.474,1687.17049
28,5000,2001,120,200,3990,1796.0357,1000.098084
11,30000,2001,120,500,15999,3812.5455,4315.132703
24,70000,2001,120,1300,7500,3846.3333,1625.324395
21,80000,2001,120,300,16900,3811.6667,3338.989487
31,90000,2001,120,499,8999,3135.0323,1815.95846
41,100000,2001,120,600,7900,3074.7073,1684.928011
175,125000,2001,120,350,9750,3041.3486,1584.14856
2270,150000,2001,120,130,99999,2319.4819,2439.748546
11,60000,2001,140,1650,6200,4604.4545,1529.541902
12,80000,2001,140,900,6620,3962.5,1622.375445
21,90000,2001,140,600,7900,3883.0952,1766.089355
21,100000,2001,140,490,7000,3129,1668.25315
121,125000,2001,140,500,12990,3168.9835,1863.141509
1744,150000,2001,140,180,28800,2472.613,1408.96772
23,100000,2001,160,2590,8500,4996.4783,1798.1091
104,125000,2001,160,1000,20750,4834.8654,2197.604098
1090,150000,2001,160,150,23490,3336.6477,2380.63757
13,5000,2001,180,1199,8500,3887.8462,2484.608276
14,100000,2001,180,999,11500,7522.7857,3169.14288
39,125000,2001,180,850,11000,5353.3077,2406.33946
1011,150000,2001,180,300,11699,3454.6241,1700.980825
13,90000,2001,200,3300,12950,8573,2855.160295
17,100000,2001,200,700,10000,6604.2941,2716.261634
38,125000,2001,200,900,10499,5695.6316,2232.222157
746,150000,2001,200,180,18000,3885.4973,2065.549975
24,125000,2001,220,750,14999,9011.2083,4182.328438
206,150000,2001,220,500,27500,4805.2864,2994.620432
12,125000,2001,240,1500,13900,8322.75,3382.139563
300,150000,2001,240,1450,19500,6066.8967,2853.749177
15,125000,2001,260,6800,37000,15659.9333,6681.48447
57,150000,2001,260,599,27490,6723,5391.690894
93,150000,2001,280,1000,22500,6153.5699,3373.35569
12,100000,2001,300,6500,25500,18987.25,4938.867551
14,125000,2001,300,10800,38000,20339,7672.183625
60,150000,2001,300,400,32900,10034.9667,8115.5008
44,150000,2001,340,2500,18299,8483.9091,3757.243415
20,150000,2001,360,1000,16800,7551.2,3891.168894
11,150000,2001,400,4500,17900,13277.0909,4455.506612
18,100000,2002,40,150,3999,1702.0556,867.7277781
37,125000,2002,40,150,3390,1780.5676,744.5553195
109,150000,2002,40,150,3900,1596.9266,736.6337856
13,5000,2002,60,275,2999,1167.1538,711.7141654
16,30000,2002,60,850,4390,2956.8125,1055.534771
20,40000,2002,60,120,5590,2667.3,1084.905346
11,50000,2002,60,350,4490,2284.2727,1325.28495
34,60000,2002,60,250,3900,2048.1765,681.1169231
69,70000,2002,60,350,3950,1748.2319,862.6149013
82,80000,2002,60,450,3750,1859.439,652.2833272
100,90000,2002,60,180,3800,1824.52,779.8439521
170,100000,2002,60,200,4399,1801.6118,754.9338357
505,125000,2002,60,175,6299,1602.1743,716.5346263
1778,150000,2002,60,140,4650,1377.7368,635.9302933
24,5000,2002,80,250,3400,1713.5833,912.126084
12,50000,2002,80,2399,6800,3816.4167,1313.962484
16,60000,2002,80,550,5900,3790.8125,1181.991657
43,70000,2002,80,1150,6500,2788.4419,1036.248204
35,80000,2002,80,300,7950,2432.8857,1412.22173
58,90000,2002,80,500,4300,2343.069,887.8786781
97,100000,2002,80,699,5690,2441.6907,970.5095841
337,125000,2002,80,250,7950,2134.5638,992.970535
1796,150000,2002,80,150,22500,1762.6414,1062.776262
20,5000,2002,100,190,8200,2074.4,1647.862173
14,50000,2002,100,550,6999,4132.2143,1847.428722
27,70000,2002,100,600,5900,3250.0741,1190.856023
28,80000,2002,100,999,5600,2736.7857,1273.150489
45,90000,2002,100,750,6050,2998.9556,1063.340417
74,100000,2002,100,200,6200,2630.1486,1126.480092
253,125000,2002,100,485,25900,2751.7866,2008.777612
2267,150000,2002,100,111,19490,2268.8341,1477.733068
14,5000,2002,120,550,16900,3407.0714,3884.716398
11,60000,2002,120,2490,6500,4345.4545,1118.248335
12,70000,2002,120,2650,7555,5064.1667,1481.839838
19,80000,2002,120,2350,6950,4545.6842,1287.182359
33,90000,2002,120,1250,9500,4229.3636,1740.125802
60,100000,2002,120,900,15900,4114.8333,2219.315354
209,125000,2002,120,450,8590,3429.3158,1414.362465
2132,150000,2002,120,120,19990,2536.0783,1517.689332
12,5000,2002,140,1900,4700,3037.5,882.4976393
11,70000,2002,140,500,9800,5108.0909,2487.141128
29,80000,2002,140,250,8990,4267.7931,1865.039084
31,90000,2002,140,599,9250,4943.0645,1861.393112
24,100000,2002,140,500,9800,4273.7083,2300.627731
135,125000,2002,140,500,14000,3926.3926,2074.365967
1903,150000,2002,140,250,9999,2766.1771,1340.9964
13,5000,2002,160,350,4850,2215.8462,1417.024013
14,90000,2002,160,2300,9990,6127,2183.548815
26,100000,2002,160,950,8990,4692.8077,2290.623983
101,125000,2002,160,700,11999,5550.3861,2190.962892
1478,150000,2002,160,321,33000,3804.707,2600.125664
13,70000,2002,180,5800,13500,9472.2308,2091.752602
14,80000,2002,180,5500,11900,8282.5714,1755.806559
13,90000,2002,180,2250,11900,6261.2308,2888.330184
18,100000,2002,180,4900,12999,7132.6111,2181.29116
70,125000,2002,180,999,12500,6333.6714,2458.856515
950,150000,2002,180,349,11360,4471.5589,1896.156154
13,90000,2002,200,3700,15800,8052.8462,3499.40432
15,100000,2002,200,2900,10800,6006.6,2458.879794
40,125000,2002,200,1200,12900,6374.675,2920.209105
530,150000,2002,200,420,21900,4325.3321,2156.465587
29,125000,2002,220,1500,13900,8150.4138,2855.839287
228,150000,2002,220,900,14900,5436.0702,2391.395939
23,125000,2002,240,4500,17900,10355.3913,3237.289778
172,150000,2002,240,1000,24900,7159.0058,3103.783721
78,150000,2002,260,990,46900,8230.2692,6662.521602
48,150000,2002,280,1750,13500,6388.9583,2234.774215
18,125000,2002,300,6700,31900,14871,6088.886342
104,150000,2002,300,2100,59000,10067.5673,6818.296812
19,150000,2002,320,1500,39900,20525.8947,13418.80315
78,150000,2002,340,3333,20500,9834.1282,4572.271686
19,150000,2002,360,3750,16500,7859.7368,3118.710983
20,125000,2003,40,600,3490,2207.9,699.7197225
73,150000,2003,40,250,4790,1998.0822,935.9996744
38,50000,2003,60,490,4300,2364.8947,874.2605835
36,60000,2003,60,300,3900,2247.6389,948.3128924
71,70000,2003,60,150,4999,2198.2254,1007.363064
82,80000,2003,60,300,5200,2127.9146,896.7380889
149,90000,2003,60,250,5000,2211.5302,924.0264716
170,100000,2003,60,400,3900,2052.8235,797.0266241
468,125000,2003,60,150,3999,1796.1026,741.1929041
1475,150000,2003,60,199,7650,1554.3566,697.870043
16,5000,2003,80,390,14000,2311.75,3096.468684
15,40000,2003,80,1750,7500,4058.5333,1521.648442
50,60000,2003,80,1000,8250,3468.34,1584.466568
37,70000,2003,80,300,8900,3108.1622,1624.891972
65,80000,2003,80,500,5900,3000.7692,1179.623705
95,90000,2003,80,450,5990,2658.4211,1158.815426
104,100000,2003,80,300,6599,2673.8654,1249.132376
413,125000,2003,80,333,9500,2468.937,1142.631997
1645,150000,2003,80,150,7000,1924.7872,934.3312416
18,5000,2003,100,650,4299,2610.7222,866.8447769
17,60000,2003,100,2350,29900,6220.5294,6085.212241
43,70000,2003,100,650,7350,3277.3721,1408.455249
56,80000,2003,100,299,6990,3156.4107,1447.133309
65,90000,2003,100,600,17500,3333.8462,2334.507217
119,100000,2003,100,750,6199,3082.084,1046.35426
339,125000,2003,100,350,6850,2838.8083,1188.459071
2396,150000,2003,100,200,26880,2634.1027,1592.702889
16,60000,2003,120,1000,8999,5355.6875,1784.429381
18,70000,2003,120,3100,5990,4451.2222,765.7720545
36,80000,2003,120,1800,7000,4139.9167,1311.325059
38,90000,2003,120,1500,6850,4498.8158,1295.168671
76,100000,2003,120,1450,18900,4384.5395,2142.44738
218,125000,2003,120,999,11400,3675.3165,1470.441136
2102,150000,2003,120,300,22500,2800.7284,1571.64494
16,5000,2003,140,690,5900,2742.1875,1811.910739
11,70000,2003,140,2750,16000,5588.7273,3553.597488
22,80000,2003,140,2299,16200,5819.4091,2938.946126
47,90000,2003,140,1999,9800,4700.1489,1854.35235
58,100000,2003,140,799,9200,4866.3276,2048.37906
174,125000,2003,140,700,16900,4387.1839,2117.878968
2081,150000,2003,140,275,17000,3295.2643,1780.398794
11,80000,2003,160,3899,12000,7361.6364,2617.754286
20,90000,2003,160,1500,12800,6624.9,2866.199607
30,100000,2003,160,650,13900,6759.2667,3186.551249
115,125000,2003,160,799,13000,6120.7043,2326.315803
1607,150000,2003,160,150,36000,4383.8052,2443.308922
14,90000,2003,180,1680,9950,7830.7143,2374.397561
20,100000,2003,180,2700,10000,7117.15,1707.985459
88,125000,2003,180,3330,13399,7555.8636,1925.23949
966,150000,2003,180,450,20000,5240.2277,2448.41793
12,80000,2003,200,6500,12750,10302.5,1842.096292
13,90000,2003,200,5700,12499,9559.6923,1816.989962
27,100000,2003,200,1000,14500,9562.4074,3030.135864
43,125000,2003,200,1990,13500,7996.186,2916.499441
555,150000,2003,200,200,15499,5430.1928,2226.283725
34,125000,2003,220,850,12500,8550.1765,2521.134752
290,150000,2003,220,699,12999,6376.4621,2375.990426
11,100000,2003,240,4999,19200,12336.1818,4184.384408
30,125000,2003,240,500,23680,10957.1333,4982.353124
225,150000,2003,240,2600,16499,8310.2444,2730.971006
83,150000,2003,260,1800,45900,8014.5301,6225.964301
61,150000,2003,280,1950,20000,7592.4262,3244.829968
14,125000,2003,300,6650,22000,14982,4378.714472
91,150000,2003,300,2999,21500,10554.7143,3649.598805
33,150000,2003,320,3900,33996,13853.6061,8631.120567
119,150000,2003,340,2750,59911,10955.2857,7171.793056
18,150000,2003,460,7990,26499,15237.1111,4792.13077
18,125000,2004,40,1000,3500,2194.8889,700.229398
38,150000,2004,40,300,3750,1977.1842,776.5691027
14,40000,2004,60,1599,4000,2758.4286,712.3706614
19,50000,2004,60,999,5500,2846.4211,1053.445341
49,60000,2004,60,600,5500,2662.2857,913.5098494
66,70000,2004,60,150,7500,2573.3636,1134.03464
79,80000,2004,60,1100,4650,2588.5696,786.0171139
111,90000,2004,60,290,4500,2308.8559,843.9527104
147,100000,2004,60,150,5000,2269.4966,873.770198
412,125000,2004,60,120,8000,2079.7573,870.7939126
1087,150000,2004,60,150,10000,1827.6329,746.3017427
12,40000,2004,80,1800,7000,4316.4167,1497.864283
15,50000,2004,80,850,7690,3287.5333,1642.355173
26,60000,2004,80,500,8490,4279.8077,1803.741902
29,70000,2004,80,2100,6999,3932.6207,1305.138978
67,80000,2004,80,1450,8999,3619.3284,1750.540926
69,90000,2004,80,300,9000,3321.3768,1444.692456
111,100000,2004,80,300,6300,3054.1081,1256.885865
348,125000,2004,80,429,7299,2797.0546,1151.024581
1176,150000,2004,80,150,17200,2527.4328,1281.938226
11,5000,2004,100,1800,5250,3449.9091,1187.774883
11,30000,2004,100,990,6099,3968.6364,1703.49866
19,50000,2004,100,1990,5876,3862.2632,1177.723533
39,60000,2004,100,1600,7800,4381.0769,1408.262821
43,70000,2004,100,400,8799,4203.2791,1926.144882
81,80000,2004,100,1000,14250,4533.8025,1861.800538
119,90000,2004,100,990,15600,4377.5966,2085.887222
125,100000,2004,100,500,8999,3956.944,1623.697303
404,125000,2004,100,350,18490,3409.1856,1605.587442
2454,150000,2004,100,299,14900,3203.3105,1490.424939
16,5000,2004,120,1050,6600,2649.8125,1343.458746
21,60000,2004,120,2990,7500,4858.8571,1261.349553
13,70000,2004,120,1450,10009,5669.8462,2274.390226
41,80000,2004,120,2200,8700,5068.6341,1606.956444
48,90000,2004,120,1280,9999,5071.5208,1975.617034
75,100000,2004,120,1800,18500,5325.48,2859.821712
336,125000,2004,120,590,15000,4502.7827,1746.978597
1664,150000,2004,120,300,21900,3309.0246,1561.067315
11,5000,2004,140,1250,4500,3246.3636,939.3157348
16,60000,2004,140,1200,10700,6460.8125,2347.950149
24,70000,2004,140,900,11490,5898.5833,2210.611302
30,80000,2004,140,3900,10500,5633.4,1504.575701
40,90000,2004,140,1600,11900,5425.925,2064.255125
60,100000,2004,140,800,10000,5522.3667,2204.786051
198,125000,2004,140,999,19990,5183.4141,2351.435674
2432,150000,2004,140,300,18900,4065.9412,1915.609396
19,70000,2004,160,3250,13500,9642.9474,2672.321669
28,80000,2004,160,2500,12300,8114.75,2760.538995
44,90000,2004,160,1000,13990,8322.1818,2999.25125
48,100000,2004,160,1800,36900,7938.8333,5139.555551
172,125000,2004,160,600,16000,6626.2907,2572.207259
1779,150000,2004,160,400,29500,5088.2012,2514.25909
20,80000,2004,180,3000,14999,10301.1,3006.47704
19,90000,2004,180,4700,14900,8678.3158,2859.870885
20,100000,2004,180,999,12999,8424.9,3550.092969
82,125000,2004,180,2500,30990,8187.3293,3668.348708
1014,150000,2004,180,350,23000,6465.7919,3106.968156
16,100000,2004,200,3950,13700,9393.25,2799.978783
63,125000,2004,200,1350,11999,7175.1905,2771.799701
506,150000,2004,200,850,19500,6680.4071,2453.151866
43,125000,2004,220,4999,16900,10594.6977,3278.259901
543,150000,2004,220,1650,99000,7941.3536,4539.616488
13,100000,2004,240,2000,18800,9983.3077,4727.203815
40,125000,2004,240,4399,18900,10668.975,3124.275952
197,150000,2004,240,900,34000,8929.7563,3500.454471
18,125000,2004,260,2200,17999,10126.5556,4270.707126
133,150000,2004,260,1300,42900,8411.2256,4700.488409
18,125000,2004,280,8888,17900,11909.6667,2232.571587
92,150000,2004,280,3888,16950,10002.087,3138.030647
55,150000,2004,300,2299,21500,10769.4545,4513.201129
57,150000,2004,320,3400,99999,17815.193,16397.9103
14,125000,2004,340,11500,28000,17738.5,5922.663792
141,150000,2004,340,3900,35500,12415.3972,4453.281853
16,150000,2004,360,8299,37900,16396.6875,6070.615328
20,125000,2005,40,300,4250,2498.85,986.3905553
34,150000,2005,40,300,4299,1884.6471,969.7740453
16,40000,2005,60,350,6500,3727.4375,1325.739321
33,50000,2005,60,1399,5500,3273.4242,978.6868144
58,60000,2005,60,1200,5900,3253.069,943.7924754
83,70000,2005,60,350,6250,2841.0843,1071.80863
109,80000,2005,60,600,6400,2546.2294,949.9955155
132,90000,2005,60,500,5300,2649.4924,932.949928
190,100000,2005,60,350,5250,2470.7,914.5699763
445,125000,2005,60,150,6000,2262.4404,961.7733033
949,150000,2005,60,110,7500,1986.8788,878.1580139
11,30000,2005,80,3900,6950,4750,1018.688997
17,40000,2005,80,2380,5750,3788.1765,768.842693
29,50000,2005,80,790,6700,3587.3448,1446.998827
35,60000,2005,80,600,7999,4148.9143,1637.443013
56,70000,2005,80,650,8500,3688.0893,1500.263444
92,80000,2005,80,1000,8499,4001.837,1501.882922
95,90000,2005,80,280,8299,3509.8105,1572.825104
149,100000,2005,80,1000,7990,3431.5235,1461.474357
375,125000,2005,80,250,7350,3148.192,1412.266402
1046,150000,2005,80,140,12700,2749.7553,1287.004081
31,5000,2005,100,1000,8999,3338.2581,1542.540112
12,20000,2005,100,2200,6900,4375,1384.061054
16,30000,2005,100,3000,12200,6670.5625,1957.444698
21,40000,2005,100,1000,8500,5206.4762,1593.808306
35,50000,2005,100,2590,11000,5199.7143,1732.811317
56,60000,2005,100,1500,8900,4656.7321,1330.071863
54,70000,2005,100,1750,7900,4570.1852,1392.26852
96,80000,2005,100,600,9490,4738.0625,1466.711946
139,90000,2005,100,300,17000,4452.4964,1765.203754
182,100000,2005,100,500,33000,4423.9231,2710.665053
512,125000,2005,100,699,12000,4204.5137,1626.576676
2434,150000,2005,100,130,27500,3557.9569,1650.521298
17,5000,2005,120,649,6600,3643.8824,1735.509211
14,30000,2005,120,1000,8833,4856.5714,2524.670918
20,50000,2005,120,3700,9999,7075.05,1687.401419
28,60000,2005,120,1890,9950,6730.6071,2322.921288
37,70000,2005,120,950,12800,6485.973,2649.842672
54,80000,2005,120,1350,9999,5733.8519,1819.021536
73,90000,2005,120,1600,12500,5765.0822,1882.229091
117,100000,2005,120,700,11900,5278.7778,1842.273099
398,125000,2005,120,500,27999,4992.4221,2119.587265
1493,150000,2005,120,160,21490,3974.497,1743.166773
15,5000,2005,140,150,16500,4549.2667,3662.316143
11,50000,2005,140,4790,10850,7451.4545,1968.954054
24,60000,2005,140,4500,9900,7240.6667,1436.185563
26,70000,2005,140,4800,12500,7202.2692,1869.683921
42,80000,2005,140,2500,13500,6895.1905,2038.929636
63,90000,2005,140,1000,12600,6182.5873,2026.646606
64,100000,2005,140,2000,11999,6168.4844,1943.641034
224,125000,2005,140,1200,26500,5624.9955,2659.65667
2334,150000,2005,140,200,29500,4909.1598,2385.186272
15,60000,2005,160,3550,15450,9280.4,3008.793131
23,70000,2005,160,3850,14900,9478.0435,3278.335454
34,80000,2005,160,4900,14990,10418.3235,2753.32041
51,90000,2005,160,4400,14900,8696.1176,2540.434837
74,100000,2005,160,2100,15600,8318.3243,2636.112223
222,125000,2005,160,1500,13999,7516.8333,2539.85714
1856,150000,2005,160,129,35900,5954.6859,2558.847565
19,90000,2005,180,6299,12990,10382.5263,2285.840865
41,100000,2005,180,499,29000,10079,4375.182661
76,125000,2005,180,1500,15699,8768.8947,3014.989267
832,150000,2005,180,300,29950,7552.0974,3473.279036
32,90000,2005,200,4900,13800,9368.75,2362.63948
25,100000,2005,200,4000,25990,8662.68,4272.150201
84,125000,2005,200,1300,19799,8825.3929,3347.535351
538,150000,2005,200,599,19900,7220.3792,2749.162822
14,80000,2005,220,2300,20000,10675.6429,4092.802875
13,90000,2005,220,8000,18500,10941.4615,2789.872526
21,100000,2005,220,700,15500,10096,3613.356624
50,125000,2005,220,250,19000,10593.36,3550.951178
763,150000,2005,220,300,22000,8797.0197,2692.910541
14,90000,2005,240,4900,27900,18863.2143,7619.937319
15,100000,2005,240,5950,19987,12007.0667,4293.345401
37,125000,2005,240,6000,28000,11440.7297,4680.451362
253,150000,2005,240,1499,19450,9270.3004,3194.247085
31,125000,2005,260,2900,15000,10514.3548,2668.335044
182,150000,2005,260,3800,34900,9519.4011,3492.262903
12,80000,2005,280,1500,24980,13519,5668.124102
20,100000,2005,280,300,23750,13516.75,4701.223212
32,125000,2005,280,2600,19900,13219.4063,3794.81508
233,150000,2005,280,3000,24500,10466.6652,3356.591424
90,150000,2005,300,3299,23500,11980.6889,3606.14274
57,150000,2005,320,3750,34996,12543.2807,7015.303887
19,125000,2005,340,11500,25800,16953.5789,2950.522332
110,150000,2005,340,5500,25000,12720.8,3572.807408
24,150000,2005,360,9200,51500,18274.9583,10082.24213
12,150000,2005,500,15500,29900,20745.8333,3955.031518
26,125000,2006,40,1799,4350,3169.6154,598.8169797
11,150000,2006,40,1100,3800,2580.8182,929.9684079
31,40000,2006,60,2700,6900,4327.6452,964.0892593
43,50000,2006,60,2199,6990,3983.6744,1113.48263
73,60000,2006,60,800,4850,3212.9178,1027.3988
88,70000,2006,60,600,5999,3198.2386,1094.63404
136,80000,2006,60,400,5650,3077.9485,1030.065092
153,90000,2006,60,500,5000,2911.9216,954.9339951
150,100000,2006,60,480,5499,2884.8133,992.7176328
328,125000,2006,60,350,7000,2748.9085,1068.005523
627,150000,2006,60,450,5600,2385.5311,884.5334475
11,5000,2006,80,1500,4500,3054.3636,954.2866229
15,20000,2006,80,1999,5999,4519.6667,1085.750227
15,30000,2006,80,3400,8999,5969,1347.179572
17,40000,2006,80,1800,9900,5420,1705.679095
47,50000,2006,80,1200,8950,5033.8936,1466.361937
49,60000,2006,80,1799,7999,4912.6122,1351.363164
84,70000,2006,80,849,7890,4234.7738,1302.466263
97,80000,2006,80,650,7900,4095.1134,1366.233259
123,90000,2006,80,600,8000,4052.1545,1398.450263
150,100000,2006,80,1000,10000,3862.2867,1429.224136
366,125000,2006,80,550,11500,3833.265,1379.901207
834,150000,2006,80,399,7500,3150.6679,1290.344632
14,20000,2006,100,1300,7990,4177.1429,2317.894453
26,40000,2006,100,2999,16500,5959.0385,2662.791919
48,50000,2006,100,3500,17500,6714.4792,2735.001302
47,60000,2006,100,2300,10900,5429.7234,1586.732783
77,70000,2006,100,1150,10700,5637.6104,1820.23311
111,80000,2006,100,1800,17500,5547.8378,2090.441358
141,90000,2006,100,1250,13999,5544.766,1817.786736
181,100000,2006,100,1490,10000,5216.3812,1778.168812
547,125000,2006,100,650,12500,4713.3181,1687.431472
1995,150000,2006,100,450,20530,4375.5253,1765.389359
18,40000,2006,120,4100,12400,8420.3889,2441.67998
21,50000,2006,120,2499,14000,7292.2857,2513.426349
40,60000,2006,120,2200,12500,7426.775,2700.4266
49,70000,2006,120,2999,12300,6722.0816,2097.573806
61,80000,2006,120,3300,10400,6792,1895.278413
85,90000,2006,120,2250,11500,6760.4235,1783.23632
134,100000,2006,120,1500,12000,6534.4403,1958.207143
306,125000,2006,120,990,27999,6032.6209,2428.111488
1225,150000,2006,120,600,31950,5097.4351,2190.688591
16,5000,2006,140,430,9600,4912.6875,2038.636975
12,20000,2006,140,950,22800,7997.4167,5410.371374
15,40000,2006,140,4444,12500,7249.0667,2706.181331
15,50000,2006,140,6700,10699,8149.2667,1306.598457
22,60000,2006,140,4999,15950,8726.5909,2861.795124
36,70000,2006,140,3200,19500,9132.9722,4236.522962
39,80000,2006,140,2900,17800,7541.4103,3013.90337
71,90000,2006,140,1500,22000,7523.7746,3576.168227
106,100000,2006,140,2650,17450,7004.1887,2612.380965
276,125000,2006,140,1000,13999,6690.2101,2126.969343
2444,150000,2006,140,299,22800,5648.6854,2188.571474
30,60000,2006,160,2800,16500,11425.8333,3568.150726
38,70000,2006,160,5250,17000,10389.9474,2936.467453
62,80000,2006,160,2800,14999,10075.4516,2891.121145
69,90000,2006,160,2950,19350,9681.6232,3355.69728
101,100000,2006,160,3950,16500,9670.3663,2345.730867
255,125000,2006,160,1990,15800,8084.349,2753.795189
1502,150000,2006,160,800,34900,6694.7057,2623.236051
17,70000,2006,180,7999,19700,11954.5294,3477.148546
30,80000,2006,180,3349,16990,10491.9333,3081.77411
27,90000,2006,180,6000,16450,10668.3704,2988.242964
37,100000,2006,180,3500,15490,9726.5135,2847.530183
148,125000,2006,180,3499,32500,9223.8986,3495.172448
1367,150000,2006,180,850,29990,7916.0007,3397.81687
12,60000,2006,200,7500,17000,12351.6667,2677.57301
17,70000,2006,200,5400,18500,11896.8235,3396.577278
17,80000,2006,200,3000,19999,10568.4706,3718.385214
24,90000,2006,200,4000,14444,10630.6667,2723.79479
43,100000,2006,200,4000,16900,10420.5814,3268.105526
101,125000,2006,200,3850,14600,9358.9703,2280.982407
446,150000,2006,200,1890,26000,9006.8924,3714.016664
17,80000,2006,220,8000,19900,13354.4706,3361.279573
19,90000,2006,220,9400,19800,14084.2105,2781.92723
27,100000,2006,220,6700,18500,12254.2963,2697.177576
86,125000,2006,220,2000,23500,12995.5814,3452.983444
714,150000,2006,220,2000,41900,10967.5112,3448.91252
20,70000,2006,240,5695,34900,16867.85,7045.506343
24,90000,2006,240,8700,29890,14140,5302.045989
30,100000,2006,240,7700,17950,13334.8667,2799.641843
46,125000,2006,240,3500,21990,13707.9348,4101.102208
600,150000,2006,240,2300,25500,11344.91,3243.228552
13,80000,2006,260,9400,19990,14602.8462,3199.200594
19,90000,2006,260,7500,23900,14494.4737,4530.281301
22,100000,2006,260,9939,23900,14189.7727,3874.939002
64,125000,2006,260,6999,19500,13738.6094,3024.9543
162,150000,2006,260,550,22500,10916.6049,3541.266784
19,125000,2006,280,9125,26990,15037.5789,4376.972606
147,150000,2006,280,5500,21000,12350.9796,3184.157682
12,90000,2006,300,10000,30000,21250,5522.865364
13,100000,2006,300,5000,25987,16964.3077,5469.285629
15,125000,2006,300,9250,23900,17506.4667,4522.325182
80,150000,2006,300,499,25900,14948.325,5207.452659
62,150000,2006,320,5500,39999,13805.6613,6543.536947
21,125000,2006,340,15500,29500,18175,3339.848015
49,150000,2006,340,3990,24900,13350.8367,3847.521796
30,150000,2006,360,8900,49911,20787.5,11882.77358
12,125000,2006,380,15900,41911,24241.6667,6430.37835
40,150000,2006,380,8900,29500,18684.075,5407.539276
15,150000,2006,440,9999,19998,14578.9333,2828.717624
13,150000,2006,460,7800,28000,16916.1538,5872.705167
19,150000,2006,520,13500,38950,24427.7368,8507.138444
12,125000,2007,40,800,5000,3656.6667,1076.246048
13,150000,2007,40,1900,5100,3707.5385,1029.789494
12,20000,2007,60,2699,16800,5323.0833,3608.005092
13,30000,2007,60,2850,6950,4376.8462,1109.77585
30,40000,2007,60,200,5999,3596.9333,1203.874466
36,50000,2007,60,1800,6850,3749.6389,934.1484284
64,60000,2007,60,1399,6250,3664.7344,1047.140201
104,70000,2007,60,500,7000,3308.0962,1079.904381
104,80000,2007,60,900,5790,3558.6827,1005.380461
126,90000,2007,60,800,6000,3363.3571,1037.654601
146,100000,2007,60,450,6700,3244.3836,1081.165019
253,125000,2007,60,600,5555,3076.1581,975.9055462
356,150000,2007,60,450,5999,2698.9017,1040.587633
21,30000,2007,80,3490,8700,5345.619,1180.828985
24,40000,2007,80,3590,8300,5461.125,1322.845806
36,50000,2007,80,2222,9800,4992.9722,1510.303602
84,60000,2007,80,1416,8990,4693.869,1198.870428
89,70000,2007,80,500,8690,5111.2472,1535.379112
141,80000,2007,80,1250,8800,4666.5816,1253.652463
108,90000,2007,80,1250,7290,4423.1481,1209.503884
152,100000,2007,80,800,9000,4079.9276,1303.683103
364,125000,2007,80,650,17500,4156.1978,1297.298967
561,150000,2007,80,150,8600,3487.4385,1243.651525
15,30000,2007,100,1999,12499,7788.4,2772.03999
21,40000,2007,100,5300,11250,7132.7619,1383.27186
32,50000,2007,100,1700,13200,6389.6563,2326.203165
56,60000,2007,100,2290,10500,6456.6786,1804.328665
94,70000,2007,100,1000,13900,6377.383,2234.992109
111,80000,2007,100,1600,24950,6323.2523,2947.952575
186,90000,2007,100,1750,12499,5927.2581,1744.113969
170,100000,2007,100,700,16400,6106.3235,2057.100989
457,125000,2007,100,142,14900,5622.0744,2000.541578
1519,150000,2007,100,500,17900,4922.6912,1831.008492
17,40000,2007,120,5500,13900,9205.7059,2179.512216
31,50000,2007,120,5000,11500,7874.3226,1463.385015
50,60000,2007,120,3300,15000,7895.88,2011.350577
65,70000,2007,120,2700,42500,8729.2,6297.228927
74,80000,2007,120,3000,11490,7462.2432,1848.372058
91,90000,2007,120,3300,32100,7800.5165,3761.703131
130,100000,2007,120,2600,11500,6687.4923,1743.954641
306,125000,2007,120,1750,20500,6566.5131,2388.080798
723,150000,2007,120,750,26999,5512.083,2131.749948
11,5000,2007,140,4400,7000,5648.9091,845.6245088
12,20000,2007,140,2999,13000,7894.0833,2662.816193
17,50000,2007,140,6450,11999,8741,1590.120713
22,60000,2007,140,2950,13400,9108.0909,2490.441379
49,70000,2007,140,2999,31500,8181.0816,3817.411003
59,80000,2007,140,5300,22500,9158.7458,2769.710629
95,90000,2007,140,2990,15900,8492.0737,2584.191199
128,100000,2007,140,1399,19999,8281.9063,2916.180294
364,125000,2007,140,1950,21500,8015.0604,2524.489147
2095,150000,2007,140,150,20500,6678.9561,2501.517333
16,50000,2007,160,6099,19999,10130.8125,3847.229656
26,60000,2007,160,3500,16799,11396.8846,3696.530289
24,70000,2007,160,5750,15980,10963.2083,3161.769784
39,80000,2007,160,6500,15900,11004.4872,3003.603049
60,90000,2007,160,2900,16700,10499.35,3426.239595
88,100000,2007,160,3999,22900,9599.2159,3004.835094
204,125000,2007,160,3750,20000,9167.8873,2961.220902
903,150000,2007,160,700,31500,7567.4086,3132.071731
19,60000,2007,180,7750,19500,13255.6842,3344.184962
26,70000,2007,180,5900,14900,10898.8077,2510.665435
47,80000,2007,180,5800,21999,11844.5106,3002.443656
54,90000,2007,180,5500,24500,11664.9444,2849.503442
95,100000,2007,180,4700,34900,12172.0842,5029.284684
260,125000,2007,180,3950,31500,10789.1,3731.725382
1487,150000,2007,180,899,33000,8924.5649,3655.738679
32,70000,2007,200,8000,34990,15477.4063,4959.394078
28,80000,2007,200,4900,16995,12425.3214,3640.137468
29,90000,2007,200,8500,24500,14117.1379,3342.820291
49,100000,2007,200,2500,21300,12899.8571,3232.826545
86,125000,2007,200,5900,18800,11873.7558,2757.073743
496,150000,2007,200,550,23650,10492.1069,3300.694528
12,70000,2007,220,4200,18500,13653.3333,3747.726718
16,80000,2007,220,8500,23900,16776.0625,4541.340901
18,90000,2007,220,800,24900,15561.0556,6168.390304
28,100000,2007,220,8450,20999,14754.8929,3163.644105
87,125000,2007,220,6950,21500,14168.2759,3239.692162
407,150000,2007,220,300,27990,12606.3292,3487.973824
11,60000,2007,240,9500,30000,22230.9091,6739.854941
12,70000,2007,240,12999,27900,20822.9167,5184.616419
13,80000,2007,240,6999,29900,16695.5385,6338.394417
17,90000,2007,240,1000,23950,15539.2941,5190.842919
21,100000,2007,240,10900,22500,15050.4762,3153.180067
101,125000,2007,240,6450,26800,15725.7921,4500.894462
648,150000,2007,240,2000,30800,13077.2083,3811.621876
11,60000,2007,260,9000,33000,18703.4545,5643.33614
12,80000,2007,260,14000,21499,17893.25,2084.647337
23,100000,2007,260,8500,28000,17430.6087,4918.865977
48,125000,2007,260,8500,21000,14208.4583,3536.031809
88,150000,2007,260,3999,23900,12553.9659,3387.971965
18,100000,2007,280,12500,31900,18134.6111,6395.280926
22,125000,2007,280,10500,25500,17941.7727,3801.963678
155,150000,2007,280,6490,24998,14460.9419,3239.838348
14,90000,2007,300,14700,33880,21941.2857,4611.279175
12,100000,2007,300,8500,24987,17580.25,4720.430191
31,125000,2007,300,9200,30000,17089.2581,4772.861203
97,150000,2007,300,7500,25990,16186.6289,4004.049891
43,150000,2007,320,7900,47500,15869.4419,6421.586688
33,150000,2007,340,8600,21500,13543.1515,3629.04219
14,125000,2007,360,19000,45800,26863.0714,9202.589802
25,150000,2007,360,12500,49000,22277.36,9731.570064
51,150000,2007,380,11400,41500,20501.1176,5121.143292
12,150000,2007,520,14900,37850,23453.9167,5526.413989
14,125000,2008,40,1600,6850,4335.5714,1304.067467
17,150000,2008,40,2500,6500,4255.1765,1010.30125
17,30000,2008,60,3150,6450,4571.7059,1149.326952
34,40000,2008,60,1990,7250,4543.0588,1202.163098
64,50000,2008,60,2190,6990,4436.9531,1273.537475
73,60000,2008,60,1899,7100,4360.3699,1318.944103
116,70000,2008,60,1650,6500,4062.6724,1108.664355
113,80000,2008,60,1199,7000,3834.4779,1222.048919
128,90000,2008,60,799,7100,3893.1875,1201.879555
111,100000,2008,60,550,5950,3723.8018,1088.668737
217,125000,2008,60,600,6500,3515.682,1030.147551
217,150000,2008,60,590,7299,2997.0876,1046.18901
11,20000,2008,80,3390,8350,5094.4545,1255.40514
19,30000,2008,80,3000,9000,5820,1809.336168
50,40000,2008,80,2400,9800,5645.24,1629.252756
84,50000,2008,80,999,8900,5415.4762,1240.275128
121,60000,2008,80,1250,20000,5460.157,2053.932032
121,70000,2008,80,999,8450,5336.9669,1300.215392
142,80000,2008,80,1150,8600,5166.3803,1277.055282
153,90000,2008,80,1400,9000,4782.3987,1388.520143
170,100000,2008,80,500,8200,4714.0471,1340.397069
337,125000,2008,80,900,8890,4547.1662,1265.822903
441,150000,2008,80,950,10000,3955.2245,1511.208688
12,20000,2008,100,3550,12000,7436.25,2034.757935
19,30000,2008,100,2800,8900,6248.8947,1592.20598
30,40000,2008,100,3199,10900,6631.9,1513.870037
31,50000,2008,100,3999,11500,7162.8065,1836.474698
82,60000,2008,100,2500,12850,7112.1098,1712.001816
97,70000,2008,100,990,19700,7072.134,2687.977109
139,80000,2008,100,1930,18000,6933.2374,2263.734161
140,90000,2008,100,1800,14800,6609.5643,2150.996444
209,100000,2008,100,800,19800,6637.9952,2155.952003
373,125000,2008,100,900,19850,6159.4718,2130.068489
1047,150000,2008,100,600,18350,5612.3324,2189.603623
11,20000,2008,120,6750,14600,9421.5455,2913.509236
11,30000,2008,120,5299,12800,9535.3636,2297.503478
21,40000,2008,120,5900,19200,9556.5238,3327.54027
40,50000,2008,120,4499,13700,8546.325,2364.091405
50,60000,2008,120,3990,12250,8958.92,1844.613128
108,70000,2008,120,1400,29000,8328.287,3084.805475
117,80000,2008,120,2400,15200,8025.9744,2302.62304
129,90000,2008,120,2990,14200,7684.2171,2159.357078
148,100000,2008,120,2100,12900,7340.5676,2011.989328
323,125000,2008,120,500,23900,7094.7957,2365.558848
561,150000,2008,120,1500,22490,5988.9661,2169.709496
11,20000,2008,140,3290,14150,9429.8182,2936.425187
12,30000,2008,140,8250,18000,10484,3021.878968
19,50000,2008,140,3500,15500,9409.8421,2358.104307
69,60000,2008,140,4500,16200,9416.6667,2797.640339
66,70000,2008,140,4000,15850,11010.1212,2838.484634
102,80000,2008,140,4550,17490,10490.1667,2603.538964
120,90000,2008,140,3250,32800,9999.6667,3964.42297
178,100000,2008,140,3950,24800,9628.8539,3306.911312
438,125000,2008,140,281,23899,9535.5502,3125.320796
1660,150000,2008,140,500,26000,8344.9633,2842.953103
19,50000,2008,160,9990,17850,13151.5263,2079.64011
40,60000,2008,160,6490,24900,11958.125,3825.484173
54,70000,2008,160,3280,17500,11193.9444,3699.424947
60,80000,2008,160,2500,17400,11649.2667,3132.339306
79,90000,2008,160,4500,27900,11770.7595,3535.053586
117,100000,2008,160,2650,15495,9781.7778,2599.23379
220,125000,2008,160,3750,18900,10494.8909,2974.034552
451,150000,2008,160,1750,20000,7968.0843,2915.187856
15,40000,2008,180,9000,22950,15897.7333,3271.455017
27,50000,2008,180,7777,19500,15701.9259,2860.665772
26,60000,2008,180,8490,22999,15194.9615,3553.244352
38,70000,2008,180,6500,32000,15606.6316,5731.918382
60,80000,2008,180,7900,25000,13991.6,3386.159034
138,90000,2008,180,4800,19500,12150.8696,3140.033785
114,100000,2008,180,1200,27500,12655.5877,4571.372113
283,125000,2008,180,4800,25999,12718.3958,3497.675201
1256,150000,2008,180,1500,33900,10456.4562,3417.259508
23,60000,2008,200,9890,20700,15549.087,2540.44058
18,70000,2008,200,3000,21500,15032.1667,3971.41576
32,80000,2008,200,6999,23999,14851.6563,3848.565647
48,90000,2008,200,4450,31000,14544.4167,4612.841974
42,100000,2008,200,6900,25000,13723.2619,3810.124908
125,125000,2008,200,5150,24999,14144.984,3873.017728
488,150000,2008,200,4900,26500,12410.957,3494.30127
11,80000,2008,220,12900,48989,20152.5455,9735.727319
20,90000,2008,220,12100,24500,18512.25,2936.708393
29,100000,2008,220,8200,45900,17104.3103,6849.58334
51,125000,2008,220,6999,22500,14881.7255,3316.561029
202,150000,2008,220,3500,23900,13714.2822,4167.622313
16,70000,2008,240,8700,28900,18992.9375,5947.95293
15,80000,2008,240,1200,25500,16999.8667,7314.533486
24,90000,2008,240,12500,29500,20903.8333,3955.382342
79,100000,2008,240,8000,28980,14239.4684,5575.907818
107,125000,2008,240,5600,29999,17511.0467,4788.867607
553,150000,2008,240,1900,37000,14967.0054,4067.762095
21,90000,2008,260,9500,19800,14464.4762,4068.087917
13,100000,2008,260,9500,19999,16153.2308,3435.177437
43,125000,2008,260,6990,23800,14768.093,4012.089885
66,150000,2008,260,1500,23999,14150.6667,4525.768263
65,100000,2008,280,11000,49500,17044.1385,6777.630931
39,125000,2008,280,8500,29999,19923.6154,4708.441299
143,150000,2008,280,6000,38900,18298.5455,4764.561524
18,80000,2008,300,12500,30400,23736.1111,4609.310793
19,90000,2008,300,11000,35450,22224.6842,7346.242592
24,100000,2008,300,11500,30000,22482.375,5005.670733
38,125000,2008,300,6500,33000,21354.3421,4589.808867
64,150000,2008,300,5000,92900,18006.6406,10515.02897
33,150000,2008,320,11000,47000,19953.9091,6868.693874
16,150000,2008,340,8990,49999,20082.875,11306.31685
15,125000,2008,360,19200,51999,25525.8667,7575.531074
28,150000,2008,360,9380,37900,20240.9643,4961.429507
34,150000,2008,380,11499,31000,21865.4412,5196.489478
12,150000,2008,440,13200,31990,20952.5,5164.829983
71,20000,2009,60,1300,8500,5377.7324,1481.65698
57,30000,2009,60,1650,8990,5178.8947,1375.003754
115,40000,2009,60,550,7500,4615.4348,1363.202369
184,50000,2009,60,950,7700,4626.0163,1148.284872
153,60000,2009,60,1850,8650,4728.3922,1195.407132
204,70000,2009,60,1650,8750,4628.6667,1215.02966
218,80000,2009,60,1590,8350,4384.7385,1269.806183
187,90000,2009,60,1650,8500,4249.9733,1120.577866
177,100000,2009,60,1950,7290,4059.8023,1074.558052
267,125000,2009,60,300,7499,3902.6592,1024.664575
189,150000,2009,60,1100,6250,3347.9365,1092.485916
23,20000,2009,80,2500,9699,5682.913,1871.595551
51,30000,2009,80,3500,10600,5989.0392,1338.138757
110,40000,2009,80,2000,9999,6198.0182,1637.474935
129,50000,2009,80,2499,99999,6735.5271,8384.715707
237,60000,2009,80,650,13000,6153.2827,1748.797579
229,70000,2009,80,1999,12500,5767.6812,1735.713328
228,80000,2009,80,1190,10999,5831.7105,1598.146707
211,90000,2009,80,750,8750,5479.2227,1604.431317
213,100000,2009,80,1999,9450,5336.7653,1513.175308
309,125000,2009,80,1200,9499,5026.4498,1581.665208
337,150000,2009,80,800,11000,4296.724,1753.541181
15,20000,2009,100,3500,13000,7372.6,2518.6986
36,30000,2009,100,1200,16000,8316.3056,3351.91915
50,40000,2009,100,3900,12900,7590.04,1851.339266
100,50000,2009,100,2999,14750,7606.28,2219.597527
131,60000,2009,100,4000,15950,7704.6718,2305.06326
141,70000,2009,100,2650,13000,7181.9645,2099.614201
155,80000,2009,100,1999,13200,7253.5935,1995.515594
213,90000,2009,100,2300,18500,7194.9014,2440.181967
244,100000,2009,100,1900,19000,7202.1475,2474.61754
359,125000,2009,100,1299,14000,6862.4875,2232.354326
599,150000,2009,100,1500,28500,6066.1219,2261.647559
18,30000,2009,120,6250,18500,11219.9444,3388.40868
29,40000,2009,120,6888,15750,10423.3103,2353.960201
106,50000,2009,120,599,14200,9174.9906,2722.758453
109,60000,2009,120,3200,15400,9511.5138,2286.734913
141,70000,2009,120,2650,22500,9416.1489,2437.729242
214,80000,2009,120,5000,31500,9569.1355,3033.530515
185,90000,2009,120,3850,14980,9236.0486,2050.526016
210,100000,2009,120,2200,16620,8457.8048,2226.823878
362,125000,2009,120,1000,27500,8322.6215,2761.770838
597,150000,2009,120,1500,32500,7190.1407,2557.443955
22,40000,2009,140,6250,19990,11850.4091,3680.745955
33,50000,2009,140,6100,20959,12922.3333,3568.480898
66,60000,2009,140,3950,23333,11790.7273,3416.167415
93,70000,2009,140,5650,24499,11461.172,3367.064886
124,80000,2009,140,4000,18500,11301.6048,3208.637101
141,90000,2009,140,4000,25750,11648.8227,4008.339435
109,100000,2009,140,4200,23900,11703.4037,3394.943626
321,125000,2009,140,3500,24990,10884.7975,3222.074826
957,150000,2009,140,1900,25999,9450.4222,2994.61614
22,40000,2009,160,10000,28900,14258.8636,3662.383579
25,50000,2009,160,9450,19900,13809.12,2715.3344
46,60000,2009,160,7990,16400,12522.3043,2164.198917
66,70000,2009,160,5250,18700,12385.8939,2907.604648
106,80000,2009,160,5799,52999,13155.6981,5118.410512
107,90000,2009,160,2100,19900,11915.2991,3176.134264
150,100000,2009,160,6000,22750,11981.06,2764.53049
223,125000,2009,160,3500,24500,10250.417,2629.896863
310,150000,2009,160,2650,26500,9242.3903,3097.347583
18,40000,2009,180,7900,24900,18067.1667,3995.95418
17,50000,2009,180,7990,22000,16969.3529,2766.929004
47,60000,2009,180,10500,22500,16564.0638,2899.638689
58,70000,2009,180,8000,21899,15793.1897,3463.224566
82,80000,2009,180,7000,25900,15456.878,4038.739883
86,90000,2009,180,6000,27300,15748.9651,3799.298177
124,100000,2009,180,4000,28000,14320.1532,4044.161568
279,125000,2009,180,4700,29800,13326.7957,4462.933794
710,150000,2009,180,2400,30900,12380.8831,3639.550381
20,50000,2009,200,9500,27000,18764.5,5439.585899
24,60000,2009,200,9750,27000,18022.875,4400.874651
33,70000,2009,200,8400,23700,15821.9697,4149.501346
41,80000,2009,200,9000,23700,16381.3171,3949.99452
39,90000,2009,200,8500,25900,15444.0513,4905.67968
53,100000,2009,200,9500,25490,15944.4528,3968.506451
99,125000,2009,200,8000,28900,16521.3131,3897.058136
327,150000,2009,200,6500,23600,13791.4526,3190.603175
14,50000,2009,220,15800,27500,21423.8571,3916.443884
17,60000,2009,220,11990,25900,18953.9412,4065.918165
22,70000,2009,220,12000,29490,19162.1818,4597.978001
31,80000,2009,220,12900,22444,17643.9677,3224.785109
40,90000,2009,220,12900,28500,19023.825,4496.348245
40,100000,2009,220,9900,27850,17270.35,4410.47118
114,125000,2009,220,8800,30000,16179.6228,4476.289295
155,150000,2009,220,5200,42900,16213.8645,5002.431524
11,50000,2009,240,17500,39999,24726.2727,6698.818812
41,60000,2009,240,12000,28000,15802.4146,4474.429687
11,70000,2009,240,14900,27500,20329,3247.798555
18,80000,2009,240,13800,31200,25174.3889,4608.42944
17,90000,2009,240,13900,38500,28350.5294,6316.019764
44,100000,2009,240,7000,29999,20550.25,6234.076272
92,125000,2009,240,5855,31990,20467.5761,6294.97033
442,150000,2009,240,550,34900,17795.4389,4805.295639
20,100000,2009,260,7800,35998,19088.85,7697.831898
22,125000,2009,260,2990,25900,15352.5909,5249.863008
29,150000,2009,260,9250,34900,15835.3103,5567.981583
11,80000,2009,280,18000,39490,24326.3636,6935.799453
13,100000,2009,280,14000,29999,24257.3846,5400.094693
24,125000,2009,280,14250,32990,23198.5417,5594.719445
94,150000,2009,280,11800,34500,21219.9468,4921.80824
17,80000,2009,300,15000,34800,23599.7647,5476.053769
11,100000,2009,300,18500,32000,24816,3857.17796
33,125000,2009,300,16000,28000,23402.0606,2757.175168
41,150000,2009,300,4600,52500,19485.6341,7773.285345
15,100000,2009,340,7550,45799,17052.2,11586.8044
12,150000,2009,340,17900,33999,24238.9167,3937.307973
11,150000,2009,360,15000,26700,22527.1818,3148.446567
13,125000,2009,380,21300,58000,34794.3077,11548.51666
18,150000,2009,400,14650,48500,24036.9444,6901.41184
17,20000,2010,60,4600,10900,6217.4118,1585.130355
53,30000,2010,60,3499,9999,5741.5094,1643.603848
105,40000,2010,60,3500,9100,5800.3429,1351.757458
117,50000,2010,60,1200,12450,5773.1111,1588.300563
122,60000,2010,60,2350,8999,5375.1967,1329.201015
124,70000,2010,60,2750,8990,5288.7339,1354.94106
91,80000,2010,60,1890,7950,5144.4066,1346.753491
90,90000,2010,60,1200,7500,5199.2889,1474.493542
71,100000,2010,60,1700,7900,4620.1972,1364.884091
93,125000,2010,60,1500,6500,4345.2258,1207.471874
62,150000,2010,60,500,6890,3743.6935,1274.070155
22,20000,2010,80,3800,10920,7011.7727,1641.545667
49,30000,2010,80,1100,10850,6719.6327,1635.977031
82,40000,2010,80,550,12900,6913.5854,2160.501584
144,50000,2010,80,3250,13500,6793.1181,1779.539549
173,60000,2010,80,1800,11999,6666.7746,1743.147506
148,70000,2010,80,2700,12900,6956.6081,2051.205669
136,80000,2010,80,1800,12150,6615.6765,1754.609655
129,90000,2010,80,3500,15500,6108.907,1801.265113
112,100000,2010,80,3150,15800,5867.8304,2197.604726
130,125000,2010,80,1800,17900,5751.8154,2205.232738
124,150000,2010,80,1250,13000,5283.0081,1845.924292
20,20000,2010,100,5200,26999,10468.8,4314.66836
44,30000,2010,100,5200,22900,10026.4318,3646.387904
88,40000,2010,100,999,15999,8928,2703.884378
103,50000,2010,100,4250,16700,8978.8641,2586.281065
167,60000,2010,100,3499,21000,9438.2036,2681.116703
177,70000,2010,100,500,24800,9120.0113,3021.241369
174,80000,2010,100,2650,21250,9327.5517,2604.019827
163,90000,2010,100,3600,26499,8790.6442,2952.161262
192,100000,2010,100,1800,17800,8694.8594,2354.982948
322,125000,2010,100,2299,19950,7901.7671,2443.294783
481,150000,2010,100,250,15499,7194.2661,2387.228741
12,20000,2010,120,8600,18200,12132.5,2396.028398
19,30000,2010,120,6200,13500,11088.3158,2414.426031
58,40000,2010,120,4000,59999,12917.4828,6892.803256
93,50000,2010,120,6300,16499,11236.6344,2442.743363
124,60000,2010,120,6250,19900,11443.5242,2403.057567
142,70000,2010,120,2000,20600,10625.9155,3018.917667
150,80000,2010,120,4800,20390,10515.5467,2751.838873
136,90000,2010,120,3000,37499,10775.3382,4167.744425
118,100000,2010,120,3950,15000,10069.5678,2036.756812
204,125000,2010,120,1300,26500,8740.8922,2511.382946
274,150000,2010,120,950,25500,7536.573,2837.934811
11,20000,2010,140,7500,15900,12233.4545,2175.274084
14,30000,2010,140,8500,21000,13446.3571,3565.621717
26,40000,2010,140,6500,35900,13977.2692,5461.612424
71,50000,2010,140,6699,24500,13762.1408,3774.478124
100,60000,2010,140,4800,28000,13038.2,3577.205594
124,70000,2010,140,5900,31900,13868.3306,3716.536904
155,80000,2010,140,5975,42600,13963.2968,4586.235446
143,90000,2010,140,4000,39900,13871.972,4752.985653
161,100000,2010,140,130,28500,13009.6957,4284.261139
297,125000,2010,140,990,27500,12709.771,4019.860968
657,150000,2010,140,1500,37000,10770.6986,3464.860024
13,30000,2010,160,3900,15500,13182.0769,2934.937123
25,40000,2010,160,10600,25500,15202.68,3129.629521
49,50000,2010,160,4299,26999,15023.9796,4170.901212
80,60000,2010,160,6000,24950,14775.2375,3484.5693
119,70000,2010,160,7299,23999,14086.2521,3098.3082
93,80000,2010,160,295,26900,13889.7312,4167.970585
99,90000,2010,160,5000,21950,12661.4545,3490.685749
120,100000,2010,160,4500,34900,11600.7583,4300.576504
161,125000,2010,160,2799,22399,12067.1801,3144.493011
224,150000,2010,160,3700,21299,10430.7768,3439.153232
40,30000,2010,180,9000,26500,13718.45,4155.429538
23,40000,2010,180,4750,26990,18099.3478,4980.549547
44,50000,2010,180,11350,31900,19654.7955,4529.105945
92,60000,2010,180,7400,40000,19452.6522,5573.721258
88,70000,2010,180,7999,29500,17372.8295,4623.770704
95,80000,2010,180,8950,37850,18145.9263,5465.264372
118,90000,2010,180,7300,41450,17569.4746,5625.270175
142,100000,2010,180,7000,39990,16907.3944,5675.663513
262,125000,2010,180,5500,32900,17290.2443,4770.287674
501,150000,2010,180,3450,60000,14770.8064,5000.127048
14,40000,2010,200,11750,28500,20374.8571,6249.269967
17,50000,2010,200,10500,29000,21245.8235,5678.98243
25,60000,2010,200,10000,29000,18835.16,5077.380803
27,70000,2010,200,8990,25950,20271,4321.928702
41,80000,2010,200,5999,28800,20135.9268,5223.231914
82,90000,2010,200,5000,26850,15461.7317,5176.729397
52,100000,2010,200,6900,39500,20442.8269,5600.548956
84,125000,2010,200,7450,27900,18258.9524,4117.85814
278,150000,2010,200,3999,27500,15730.2266,3792.76618
16,40000,2010,220,16500,32999,21177.8125,4372.42516
17,50000,2010,220,11900,28350,19252.2941,4393.010568
30,60000,2010,220,5500,29999,18021.8667,4442.070634
29,70000,2010,220,14200,62000,21442.4828,8776.38666
40,80000,2010,220,8950,29900,17432.575,4517.408167
37,90000,2010,220,8900,28499,17500.9189,4814.111506
21,100000,2010,220,13500,23900,18013.7619,3497.846438
53,125000,2010,220,10750,35000,16927.9811,5217.247903
48,150000,2010,220,7900,25990,16404.6875,4552.922254
39,60000,2010,240,13900,38450,20601.2564,5478.841913
22,70000,2010,240,13500,37000,27042.4091,5938.136604
21,80000,2010,240,15300,40000,27696.4286,5915.80385
22,90000,2010,240,19990,33000,26683.3636,4035.09782
49,100000,2010,240,12990,39900,25821.1429,5251.504702
113,125000,2010,240,10989,36999,23871.3805,4860.104226
341,150000,2010,240,7900,39500,21247.044,5266.608911
13,50000,2010,260,4000,38000,24599.1538,9581.337195
11,80000,2010,260,12990,27900,18410.5455,4112.296204
12,90000,2010,260,2000,24900,17986.4167,5962.293944
20,125000,2010,260,12500,32000,20017.4,5726.129228
24,150000,2010,260,11700,23500,17145.75,3314.231739
12,70000,2010,280,16900,27999,22866.4167,3241.577149
13,90000,2010,280,12999,31900,21937.4615,5627.714793
16,125000,2010,280,15900,46900,27739.5,8608.148269
24,150000,2010,280,1000,26999,20393.9583,6750.423848
14,70000,2010,300,18900,36900,27299.7857,7063.036591
12,90000,2010,300,17100,36950,25940.6667,5840.939256
33,125000,2010,300,16900,35900,26834.1515,5419.568959
23,150000,2010,300,11700,37499,24542.7391,6821.208284
11,70000,2010,320,19500,44500,32218.0909,10372.26547
16,70000,2010,340,17989,62500,35607.1875,14836.84695
14,150000,2010,340,21900,31000,26867.7857,2684.039764
13,150000,2010,400,13750,37000,26053.3077,4694.670176
23,20000,2011,60,4900,10250,6848.913,1489.071462
64,30000,2011,60,3600,12700,7017.0938,1812.462851
78,40000,2011,60,2500,15900,6108.6154,1937.49911
131,50000,2011,60,1250,11800,6113.3053,1607.241936
112,60000,2011,60,2600,9500,5978.6875,1424.033714
75,70000,2011,60,1900,10300,6075.6933,1740.915246
85,80000,2011,60,1599,8600,5481.2118,1247.252483
48,90000,2011,60,3299,8400,5206.4167,1366.475513
27,100000,2011,60,2800,8900,4953.2222,1287.137546
40,125000,2011,60,2599,7880,4837.6,1374.546831
29,150000,2011,60,300,8500,4119.931,1683.849058
32,20000,2011,80,3125,12000,7221.6875,1808.834871
101,30000,2011,80,2150,12700,7824.5248,2219.704269
145,40000,2011,80,3850,13500,7983.9103,1935.895996
165,50000,2011,80,2100,13590,7548.4909,2130.072358
144,60000,2011,80,3790,14299,7541.7292,2152.580858
124,70000,2011,80,550,15500,7395.7177,2181.347337
99,80000,2011,80,999,13000,7222.3737,2123.636835
70,90000,2011,80,2950,12990,7365.7714,2329.883168
53,100000,2011,80,1400,8999,5806.1887,1658.418775
72,125000,2011,80,2999,11000,6594.875,1790.543198
70,150000,2011,80,2250,15900,6050.9714,2574.632589
22,20000,2011,100,7499,16850,11723.9091,2456.353079
68,30000,2011,100,5700,16995,11034.6471,2813.167237
109,40000,2011,100,4900,36400,11331.055,3962.96854
146,50000,2011,100,5500,20500,9998.9315,2689.99578
190,60000,2011,100,4500,17444,10259.1053,2572.848119
221,70000,2011,100,3200,23999,9998.1267,2796.467978
207,80000,2011,100,2499,19500,10055.1159,2775.779684
187,90000,2011,100,2850,23900,9905.631,2874.329459
158,100000,2011,100,5299,18900,9394.7595,2503.682921
193,125000,2011,100,2000,23850,9102.3938,2825.673536
326,150000,2011,100,800,17000,8144.2791,2324.759964
22,20000,2011,120,7900,20950,14027.4091,3698.72324
48,30000,2011,120,5490,28800,13470.1458,3986.386527
116,40000,2011,120,6999,19269,12931.7845,2694.620538
147,50000,2011,120,999,28000,12518.0068,3140.575662
174,60000,2011,120,5900,19999,11929.5057,2602.653546
147,70000,2011,120,7800,31900,12088.0204,3108.997832
148,80000,2011,120,3900,37500,12280.0068,4470.299314
108,90000,2011,120,4900,15200,10814.8333,2308.873645
136,100000,2011,120,6149,38000,10980.75,3566.612653
132,125000,2011,120,3999,17500,9927.4773,2479.246435
156,150000,2011,120,3500,29900,9303.3397,3295.679412
32,30000,2011,140,8500,26500,16236.1563,4543.890714
51,40000,2011,140,8000,55154,15633.5882,6616.636623
108,50000,2011,140,7300,39500,15177.7685,4530.64291
160,60000,2011,140,7596,38500,15431.8063,4758.650881
186,70000,2011,140,7200,32000,15080.043,3939.1745
177,80000,2011,140,4990,35900,15123.4068,4034.258347
148,90000,2011,140,5950,29400,14889.2635,3847.048411
189,100000,2011,140,280,31499,13718.9153,3943.381571
295,125000,2011,140,5999,30900,14298.4475,3341.670489
515,150000,2011,140,500,31500,11634.8136,3334.166413
70,30000,2011,160,6000,37000,11646.9857,4948.807598
85,40000,2011,160,6000,30000,12972.6471,5747.980518
64,50000,2011,160,9900,31000,16298.9219,3976.480044
111,60000,2011,160,6990,29900,15954.8468,3939.031793
107,70000,2011,160,5500,38900,15642.1589,4271.586501
87,80000,2011,160,5250,24999,15232.0115,3155.043561
80,90000,2011,160,3500,26900,14830.8875,3863.976058
71,100000,2011,160,9000,25900,15117.4789,3484.961793
97,125000,2011,160,680,27500,13273.134,3411.42759
145,150000,2011,160,4250,22900,10699.8276,3725.431417
12,20000,2011,180,11950,31900,20037.5,5591.068957
25,30000,2011,180,12850,28900,20360.96,4205.34994
57,40000,2011,180,9800,31450,20847.1754,4456.025249
103,50000,2011,180,8500,35499,20298.3883,6040.298185
106,60000,2011,180,12390,39000,20241.5943,4525.39871
156,70000,2011,180,8000,46800,19432.391,5807.53529
187,80000,2011,180,6600,37500,18785.4332,5860.190828
142,90000,2011,180,8900,32999,19346.7394,4483.209242
120,100000,2011,180,5760,39990,18717.675,5449.079253
253,125000,2011,180,5000,35990,17824.7905,5157.199225
418,150000,2011,180,3100,56900,15725.3923,5405.858331
11,30000,2011,200,14950,33200,24339.9091,5080.047252
23,40000,2011,200,13299,41950,24145.1304,6070.131997
58,50000,2011,200,4950,27499,16079.8966,7390.838417
39,60000,2011,200,9000,34000,21948.2821,6256.793256
68,70000,2011,200,10500,30900,20933.6324,5079.988331
48,80000,2011,200,10500,36000,21738.4792,5830.517476
48,90000,2011,200,10990,30300,21642.3125,3952.992781
50,100000,2011,200,12750,33900,21872.12,5110.346515
92,125000,2011,200,11490,39500,20826.4891,5176.238731
199,150000,2011,200,9500,26500,18018.9095,3766.00082
12,40000,2011,220,15400,26800,20400.1667,3838.009355
36,50000,2011,220,14900,36499,21458.4444,4611.738311
44,60000,2011,220,13500,38500,19672.9545,4390.016121
26,70000,2011,220,13499,72500,22056.8077,11290.65185
26,80000,2011,220,14200,42250,21714.0769,7381.316726
29,90000,2011,220,12200,34990,20541.2759,5764.120072
47,100000,2011,220,10500,53000,21410.0426,7703.649961
23,125000,2011,220,13000,24900,17962.2609,3590.458675
39,150000,2011,220,4749,27900,19691.4103,5274.778813
14,40000,2011,240,18500,49800,28242.0714,9718.50856
15,50000,2011,240,10999,43900,28111.1333,9406.349075
52,60000,2011,240,13000,47000,18860.1154,8240.988299
34,70000,2011,240,10500,45800,29482.2647,7476.513493
47,80000,2011,240,16900,44000,26835.5745,5553.936935
64,90000,2011,240,13999,41900,21427.1094,8201.760453
50,100000,2011,240,15600,44800,28034.34,6070.746233
121,125000,2011,240,9500,45000,23137.4628,8714.951691
168,150000,2011,240,10600,40999,23036.5536,5763.32021
16,40000,2011,260,19900,38900,30393.3125,5955.440325
42,50000,2011,260,15800,39100,21478.2857,4504.295036
19,60000,2011,260,14990,39200,26113.9474,6937.730749
14,70000,2011,260,14750,44444,26512.5,9858.566396
12,80000,2011,260,14900,59999,29306.5,11927.2199
28,90000,2011,260,13990,43500,26245.9643,7614.401175
18,100000,2011,260,15000,32600,26429.6111,5065.594428
26,125000,2011,260,8999,49500,28766,8022.216143
62,150000,2011,260,13500,36500,25757.8065,5305.74053
11,50000,2011,300,13500,46100,30903.5455,7435.495109
19,60000,2011,300,14499,47900,30761.7895,8455.285127
20,70000,2011,300,17500,39500,31653.5,5693.351408
18,80000,2011,300,15595,37500,25227.3889,5857.873734
16,90000,2011,300,22500,36999,30671,4498.607062
14,100000,2011,300,21490,37500,27972.8571,4212.502528
23,125000,2011,300,14500,38999,30082.3478,5415.331453
33,150000,2011,300,11540,42500,26383.2424,6340.988442
23,80000,2011,320,8000,33800,10360.8696,5022.535228
11,40000,2011,400,27500,91900,66936,21305.63083
11,10000,2012,60,5300,13750,8134.3636,2240.207226
65,20000,2012,60,2450,10900,7151.6615,1653.419238
120,30000,2012,60,1800,11999,6900.6,1614.338298
144,40000,2012,60,160,13900,6730.7917,1648.769747
150,50000,2012,60,1900,10750,6871.8933,1437.90953
91,60000,2012,60,1850,10990,6375.967,1549.319443
58,70000,2012,60,3500,9900,6304.2414,1576.482283
38,80000,2012,60,3990,9490,6299.6316,1343.825694
19,90000,2012,60,4100,8950,5856.5789,1166.989664
18,100000,2012,60,2200,9150,5583.2222,1724.270137
19,125000,2012,60,3690,6590,4982.2632,816.1053107
16,10000,2012,80,4850,41500,10277.4375,8368.811355
87,20000,2012,80,5200,16900,8624.6782,2584.991894
166,30000,2012,80,126,15990,8240.0301,2380.386423
218,40000,2012,80,500,16500,8519.8532,2410.986145
186,50000,2012,80,4300,13990,8385.3548,2112.905972
148,60000,2012,80,117,13500,7656.527,2242.325749
77,70000,2012,80,4444,13800,7966.0519,2166.006091
64,80000,2012,80,3000,12989,7604.3125,2033.360495
23,90000,2012,80,5300,11500,7610.7826,1569.40368
20,100000,2012,80,3990,10900,7657,1819.310584
20,125000,2012,80,3000,9500,6071.5,1662.685403
22,150000,2012,80,2900,9500,5862.2727,1824.404739
51,20000,2012,100,7680,23500,12703.1373,3514.553016
127,30000,2012,100,5990,21000,12043.5512,3361.036943
189,40000,2012,100,950,23000,11608.8413,3279.235063
206,50000,2012,100,1750,22750,11412.0194,3102.138825
188,60000,2012,100,3000,20999,11608.3032,3187.702078
167,70000,2012,100,250,20999,11932.8862,3480.010275
103,80000,2012,100,6350,16450,10735.8544,2336.67511
81,90000,2012,100,2799,17900,10807.679,2727.850245
57,100000,2012,100,6750,18500,11091.2807,2650.01878
78,125000,2012,100,5900,38990,10940.4872,4321.113632
172,150000,2012,100,3050,33890,9282.4186,3211.827282
38,20000,2012,120,9499,47000,16412.9474,5908.805779
74,30000,2012,120,6000,28500,14644.6622,3422.686132
116,40000,2012,120,6300,28300,14317.431,3264.485966
172,50000,2012,120,4500,56000,13839.2558,4246.513881
124,60000,2012,120,6800,29350,14085.0806,3614.703619
121,70000,2012,120,5050,27777,13390.3554,3339.183712
87,80000,2012,120,4799,38500,13134.6897,3770.168094
61,90000,2012,120,5800,21490,12112.0656,2735.93802
61,100000,2012,120,6000,15900,9609.5246,2750.257977
84,125000,2012,120,5300,18950,11254.881,2796.802598
84,150000,2012,120,4900,17000,9829.1548,2710.064445
24,20000,2012,140,9990,27900,17046.5417,4581.84286
68,30000,2012,140,10000,31100,16617.1912,4392.729579
119,40000,2012,140,7900,35000,17176.2521,5350.969222
179,50000,2012,140,2990,35000,17523.8603,4853.113309
164,60000,2012,140,8990,32900,17761.5854,4302.230509
177,70000,2012,140,8000,38000,16617.3051,4637.11249
125,80000,2012,140,4220,28850,16858.736,3929.309845
120,90000,2012,140,5999,35890,16620.5917,5143.139985
83,100000,2012,140,7200,28900,16337.1807,3525.62785
141,125000,2012,140,249,25900,15071.2057,3828.176055
246,150000,2012,140,5350,26990,12528.061,3502.852907
17,20000,2012,160,14200,27500,20185.2353,3515.580406
40,30000,2012,160,5500,32999,18618.975,4254.813783
65,40000,2012,160,2000,26990,18035.4154,4428.573797
112,50000,2012,160,5500,28750,17549.4196,3969.00455
97,60000,2012,160,9990,29999,17172.5155,4143.922444
102,70000,2012,160,9000,32400,16744.451,4538.462551
70,80000,2012,160,7700,32900,17676.1429,4899.57081
49,90000,2012,160,1200,23900,15462.0612,3850.655303
40,100000,2012,160,7950,27990,15615.875,4532.646921
62,125000,2012,160,1200,25950,15322.9839,4044.323252
64,150000,2012,160,3850,25500,13562.2656,4007.036402
24,20000,2012,180,16500,46500,26156.625,6450.835371
60,30000,2012,180,14999,49400,24282.9,6501.189201
93,40000,2012,180,12100,47900,22606.4409,5804.100987
148,50000,2012,180,400,65000,22314.2905,6823.542232
150,60000,2012,180,12450,37500,23265.4533,5085.53969
113,70000,2012,180,12000,48900,22641,5684.350566
130,80000,2012,180,7000,41000,20224.1923,7677.56299
104,90000,2012,180,10999,39699,21131.0769,5661.523483
85,100000,2012,180,11499,34500,21427.0706,4491.71737
105,125000,2012,180,10800,40500,20707.781,5138.755332
198,150000,2012,180,6000,50000,16853.2525,5392.098978
14,30000,2012,200,13999,33800,24642,6804.072247
23,40000,2012,200,15000,35700,26463.2609,5785.995688
29,50000,2012,200,13200,48500,24459.2759,8189.135161
65,60000,2012,200,350,44900,18011.6,10550.39413
39,70000,2012,200,6000,41500,25478.4103,6216.504549
32,80000,2012,200,15500,42000,24728.4375,6909.136663
22,90000,2012,200,16600,35900,21441.6818,5335.775401
21,100000,2012,200,9499,35350,22982.6667,6022.111221
41,125000,2012,200,12000,40950,22869.9024,6684.611494
52,150000,2012,200,6390,31400,19257.1346,4798.334819
11,30000,2012,220,15800,29999,23336.1818,5283.334017
21,40000,2012,220,16490,34990,24370.7143,5541.624372
32,50000,2012,220,14100,36000,23768.875,5982.36875
38,60000,2012,220,11000,69999,23306.6579,9779.887208
20,70000,2012,220,13990,34450,20630.35,5674.496808
19,80000,2012,220,12150,37800,20280.3158,6577.241231
19,90000,2012,220,14000,42500,25295.7368,8196.886622
15,125000,2012,220,14980,34700,23643.3333,4634.635788
16,150000,2012,220,13500,26700,20621.625,3960.216801
13,40000,2012,240,19500,42000,25783.7692,6968.270265
19,50000,2012,240,18500,42900,28584.6316,6482.732605
26,60000,2012,240,18490,51000,28578,8166.717441
29,70000,2012,240,14000,54990,32723.0345,9373.407361
35,80000,2012,240,17800,58500,35683.7429,9566.024059
24,90000,2012,240,18500,54900,35268.5833,8329.458806
26,100000,2012,240,17999,50490,34166.4231,9616.041866
32,125000,2012,240,16100,38000,28273.4375,4956.990033
67,150000,2012,240,14999,38700,25622.5075,5300.222427
33,50000,2012,260,523,50000,28574.0606,11274.91456
28,60000,2012,260,14550,44000,29164.75,10012.85402
20,70000,2012,260,17450,45975,32476.15,7008.861357
23,125000,2012,260,20000,49990,30957.8261,6590.199546
39,150000,2012,260,9500,54900,27539.1795,7885.565905
16,40000,2012,300,11950,39500,28927.3125,7497.689183
13,50000,2012,300,19800,49800,32364.4615,7494.282863
15,60000,2012,300,16900,37000,27743.6667,5910.676754
14,80000,2012,300,17500,45999,33197.7143,7157.48873
11,50000,2012,320,23750,50000,36463.4545,9807.262201
17,125000,2012,320,23500,51000,36440.2353,5913.580507
13,40000,2012,340,36675,88500,53694.5385,18458.93293
14,50000,2012,340,32500,77500,44982.0714,14238.91298
13,5000,2013,60,6250,9900,8059.7692,1037.166566
23,10000,2013,60,1600,10900,7414.6522,2152.521931
88,20000,2013,60,4650,12749,8204.9318,1750.589185
122,30000,2013,60,4700,13900,8271.1148,1869.771956
58,40000,2013,60,235,12900,7966.3793,2139.439266
52,50000,2013,60,4950,10250,7670.7885,1317.680543
36,60000,2013,60,3650,10900,7046.2222,1567.768161
22,70000,2013,60,4100,9400,6432.7727,1321.075661
22,10000,2013,80,5995,13800,10459.2727,2129.774149
127,20000,2013,80,5990,18000,9545.748,2447.885608
211,30000,2013,80,156,15490,9721.8815,2743.02255
134,40000,2013,80,2500,15800,9266.1194,2570.735974
87,50000,2013,80,139,16999,8942,2362.678122
49,60000,2013,80,4000,15199,8351.6531,2763.966542
27,70000,2013,80,5150,15450,9082.4074,2635.024411
12,80000,2013,80,5350,8799,7621.0833,1089.339437
14,10000,2013,100,9999,18900,14353.3571,3435.398139
90,20000,2013,100,4450,24900,13194.0111,3912.416376
143,30000,2013,100,7100,21800,13253.9161,2935.79794
210,40000,2013,100,235,33000,13339.3524,3909.809965
176,50000,2013,100,132,23000,13109.5341,3932.54111
97,60000,2013,100,7500,19000,12394.0722,3019.207236
48,70000,2013,100,6999,17500,12016.0625,3072.209929
48,80000,2013,100,6800,18800,12668.375,2769.619473
15,90000,2013,100,7790,20990,12885.4667,3167.748514
16,100000,2013,100,7450,16840,11025.25,2687.298213
20,125000,2013,100,6500,15650,10493.35,2226.77815
40,150000,2013,100,1100,17190,9130.2,3460.731326
72,20000,2013,120,8199,25000,16861.125,3542.512052
163,30000,2013,120,8999,43900,16795.4785,4326.078063
143,40000,2013,120,7900,34900,16505,3857.767997
110,50000,2013,120,9800,27500,16096.1364,3752.124827
61,60000,2013,120,8800,49999,15971.2951,5371.574011
56,70000,2013,120,8299,41499,15233.75,5738.653047
14,80000,2013,120,10500,21650,14073.1429,2947.482651
16,90000,2013,120,9950,19900,13587.125,2829.084787
15,125000,2013,120,8450,31900,12903,6320.041508
26,150000,2013,120,3950,22550,10951.5,4361.46783
12,10000,2013,140,9700,28250,15429.0833,5356.669915
41,20000,2013,140,12800,40990,19223.5366,5571.777735
128,30000,2013,140,220,36900,18797.6797,5754.551303
223,40000,2013,140,7000,45600,16981.8341,6317.343488
125,50000,2013,140,398,63000,18700.128,6355.144978
129,60000,2013,140,9300,39151,18771.2326,4612.542793
98,70000,2013,140,9700,34990,19712.1429,4851.741537
47,80000,2013,140,9000,29800,18450.4894,4624.920047
43,90000,2013,140,8500,29999,18534.5349,4818.754111
16,100000,2013,140,475,24900,16784.25,6030.065728
25,125000,2013,140,10590,27600,17058.56,3604.968938
57,150000,2013,140,2050,23900,13850.2281,4191.913904
52,20000,2013,160,13330,27700,19607.0192,3744.726402
62,30000,2013,160,225,38750,22086.2903,4906.860363
96,40000,2013,160,12950,38490,21600.9792,4904.053088
125,50000,2013,160,339,32900,20330.968,4567.8043
77,60000,2013,160,12000,36500,20254.2208,4582.436576
55,70000,2013,160,320,43999,19084.3818,6498.645866
42,80000,2013,160,308,29795,18131.1905,4853.493912
24,90000,2013,160,9390,26650,20035.3333,4239.356964
16,100000,2013,160,11500,26500,18662.4375,4258.998018
17,125000,2013,160,8000,20500,14769.3529,3607.075024
36,150000,2013,160,4500,24500,13995.4444,4346.823415
46,20000,2013,180,11200,52500,25689.9565,6606.331485
97,30000,2013,180,290,49900,27217.2887,7852.462232
152,40000,2013,180,319,60000,25420.2763,7257.704486
134,50000,2013,180,397,53999,25369.3507,6604.507014
145,60000,2013,180,517,37999,21505.8276,7998.049837
61,70000,2013,180,4500,42900,26083.2459,6805.754825
41,80000,2013,180,644,36500,24408.0732,6899.121748
25,90000,2013,180,17500,35500,25961,4686.613618
15,100000,2013,180,15700,35000,24056.5333,4758.540124
17,125000,2013,180,12000,43900,24863.5294,6883.747219
53,150000,2013,180,8050,33900,20171.3774,5523.989528
28,30000,2013,200,14900,41888,27384.3929,6893.469396
36,40000,2013,200,14999,46200,26048.4722,8528.860421
26,50000,2013,200,14900,38900,25412.0769,7131.965895
29,60000,2013,200,13498,42500,25252.4828,6631.185355
20,70000,2013,200,19900,38490,27701.3,5651.772785
20,20000,2013,220,15400,43900,28857.95,6311.077709
30,30000,2013,220,17750,39990,27469.5667,5671.881867
39,40000,2013,220,18990,44000,26557.2308,5597.554711
29,50000,2013,220,18900,42999,27581.4483,6214.385278
17,60000,2013,220,19000,38900,26507.2941,5649.62012
15,30000,2013,240,22000,47900,31341,8643.161883
31,40000,2013,240,3500,58900,31955.9677,10781.22314
19,50000,2013,240,22870,51500,33778.7895,7661.69239
13,60000,2013,240,23000,64999,34902.9231,11886.16743
12,70000,2013,240,22990,49999,38929.5,8429.167065
16,30000,2013,260,17000,64900,35128.5625,16252.59316
14,40000,2013,260,600,42900,28537.0714,12642.55501
24,50000,2013,260,639,68500,34526.5417,16512.7186
13,60000,2013,260,18250,69900,33941.4615,14056.99402
14,70000,2013,260,17000,74630,38426.2143,17390.22653
11,30000,2013,300,21799,49999,32561.5455,7889.912643
11,50000,2013,320,25500,83900,38970.2727,16520.4725
25,5000,2014,60,225,13200,7844.76,2414.971342
41,10000,2014,60,600,13000,9025.6829,2649.100919
104,20000,2014,60,5990,12900,8955.4327,1564.533543
62,30000,2014,60,128,15500,8944.2742,2351.613778
26,40000,2014,60,5999,10500,7831.8462,1341.200888
25,5000,2014,80,209,15650,10321.84,3208.507662
60,10000,2014,80,4700,17250,11393.65,3297.129948
166,20000,2014,80,123,18500,10881.253,3389.508696
139,30000,2014,80,1800,27500,10843.5971,3349.763816
59,40000,2014,80,5500,18000,10090.5085,2233.588117
13,50000,2014,80,6950,13750,9812.3077,2163.480649
16,5000,2014,100,6290,19900,13432.4375,4153.240948
40,10000,2014,100,6500,24750,15190.15,3914.98379
186,20000,2014,100,181,27900,14572.4946,4264.331706
181,30000,2014,100,273,23900,13703.9061,4214.045494
123,40000,2014,100,245,31990,14723.5366,4254.765963
52,50000,2014,100,4590,19950,13942.5769,3768.593731
16,60000,2014,100,9400,17190,14082.4375,2991.177297
16,5000,2014,120,1500,24990,17314.375,5638.796379
57,10000,2014,120,12450,29888,19147.0702,3524.678061
224,20000,2014,120,2000,43550,18982.683,4861.597551
181,30000,2014,120,255,29750,18273.9945,3715.868612
69,40000,2014,120,243,40000,17892.9565,4943.612531
37,50000,2014,120,12000,28000,18738.0811,4424.953922
25,10000,2014,140,11300,35500,23330.44,6675.683696
152,20000,2014,140,199,48500,22343.5329,7548.737665
193,30000,2014,140,265,49500,22410.3731,6104.592031
98,40000,2014,140,467,39500,21189.4082,5900.980262
61,50000,2014,140,6000,48990,21980.623,7898.702973
23,60000,2014,140,378,33800,18872.4348,6399.100173
13,70000,2014,140,15500,21800,18188.3846,1658.524531
29,10000,2014,160,14850,32150,23759.7931,4893.650449
159,20000,2014,160,270,89000,23848.7107,7874.973986
190,30000,2014,160,263,42500,22826.1474,5173.46101
92,40000,2014,160,219,42500,23412.163,5874.66086
72,50000,2014,160,15490,32900,21978.9167,3866.999647
32,60000,2014,160,14000,32200,20099.2188,3864.703366
17,70000,2014,160,8911,26800,19860,4140.829854
22,10000,2014,180,350,45500,28694.6818,8721.815222
158,20000,2014,180,112,56200,25578.2089,9740.349121
205,30000,2014,180,316,68500,28678.6195,9494.83082
119,40000,2014,180,320,52900,28582.4034,8562.069456
71,50000,2014,180,285,39999,25764.4225,7558.418315
28,60000,2014,180,15000,42999,27122.1429,7230.660663
25,70000,2014,180,9950,35000,26712.12,5121.175
11,80000,2014,180,21490,27500,23570,1770.885757
30,20000,2014,200,393,50500,29277.3,9506.048065
52,30000,2014,200,531,62900,32018.1731,10489.20598
41,40000,2014,200,332,46000,32277.8049,9364.99141
14,50000,2014,200,15400,38900,29006.2143,6890.256901
26,20000,2014,220,17850,49700,31246.3846,8005.124715
30,30000,2014,220,22250,42600,28995.5333,5669.47824
16,40000,2014,220,21500,45500,29273.4375,7242.828168
28,20000,2014,240,22600,46099,32944.6786,5933.641787
33,30000,2014,240,20990,51990,34558.697,8485.25121
25,40000,2014,240,22450,63500,35749.08,10290.00269
14,50000,2014,240,23490,49990,34497.7857,8586.722443
11,20000,2014,260,24990,74899,47628,14339.68707
23,30000,2014,260,22500,69450,45560.4348,14256.83832
20,40000,2014,260,580,74900,40903.45,18240.59629
11,20000,2014,280,444,49900,31566.4545,12680.36872
14,30000,2014,280,400,59000,29112.7143,14251.65689
15,40000,2014,280,22000,65990,36310,16431.10668
21,20000,2014,300,29900,46500,37185.619,4774.077118
16,30000,2014,300,23500,48500,36273.6875,5457.504715
12,40000,2014,300,24000,35900,32232.5,3697.594094
17,20000,2014,320,29500,76999,50630.0588,12359.59516
24,30000,2014,320,593,61999,42124.2083,14561.22632
11,40000,2014,320,30000,63000,42921.7273,9450.994215
53,5000,2015,60,162,14990,9859.9623,2454.760142
39,10000,2015,60,145,13600,9637.1282,2293.894183
25,20000,2015,60,122,13999,9624.76,3319.03555
48,5000,2015,80,101,17900,10760.8125,3939.586419
83,10000,2015,80,123,24200,12824.1807,3747.023041
60,20000,2015,80,4400,17500,12011.85,3077.004999
16,30000,2015,80,189,18000,9658.8125,4366.791717
64,5000,2015,100,272,30500,15838.5781,5509.634839
89,10000,2015,100,265,34900,15540.1236,5959.33634
104,20000,2015,100,222,26500,15213.7115,4153.151486
37,30000,2015,100,157,25000,14593.4054,6358.383117
70,5000,2015,120,9300,70000,21278.6571,8646.565736
136,10000,2015,120,329,49950,19579.0294,6138.728361
183,20000,2015,120,215,40500,19139.9344,4645.772856
27,30000,2015,120,5000,30000,19371.9259,5025.032647
48,5000,2015,140,300,33400,21414.5208,7932.424414
73,10000,2015,140,217,53695,25698.0274,9625.356551
88,20000,2015,140,199,53900,22359.0682,10544.93721
35,30000,2015,140,301,41900,23502.5429,11678.61237
12,40000,2015,140,6499,25000,18999,4285.223545
46,5000,2015,160,9500,42500,27730.8043,6752.724969
105,10000,2015,160,510,61500,27941.181,8274.081657
194,20000,2015,160,350,48900,27011.0722,6502.84778
60,30000,2015,160,11000,37900,27175.5,5421.412782
47,5000,2015,180,300,56900,29326.5319,12904.77847
72,10000,2015,180,275,63900,32786.6667,9168.453721
129,20000,2015,180,340,55800,31114.155,9173.596445
48,30000,2015,180,340,46300,31294.2083,8503.28171
15,40000,2015,180,379,39400,24705.7333,11207.94656
31,5000,2015,200,266,59999,40876.5161,12057.12345
69,10000,2015,200,284,66500,37932.2319,10959.71764
96,20000,2015,200,519,64500,36795.2292,10391.39851
18,30000,2015,200,435,64999,36016.7778,17615.42516
15,10000,2015,220,21900,78900,35995.9333,14315.25842
29,20000,2015,220,22300,82800,33723,12300.11054
15,10000,2015,240,17490,80900,35414.1333,13772.8755
43,20000,2015,240,27300,56200,37671.9767,6754.734149
11,5000,2015,260,20990,58200,45277.1818,13792.88477
18,10000,2015,260,989,75400,54156.2778,17372.71846
24,20000,2015,260,25490,73000,49492.375,17182.17318
16,10000,2015,300,699,60000,38542.6875,12924.90124
25,20000,2015,300,487,82700,39683.32,13065.07229
22,10000,2015,320,33000,68450,50372.6364,10736.26507
16,20000,2015,320,33950,85800,58096.25,14002.93357
